[{"model": "contenttypes.contenttype", "pk": 1, "fields": {"app_label": "admin", "model": "logentry"}}, {"model": "contenttypes.contenttype", "pk": 2, "fields": {"app_label": "auth", "model": "permission"}}, {"model": "contenttypes.contenttype", "pk": 3, "fields": {"app_label": "auth", "model": "group"}}, {"model": "contenttypes.contenttype", "pk": 4, "fields": {"app_label": "auth", "model": "user"}}, {"model": "contenttypes.contenttype", "pk": 5, "fields": {"app_label": "contenttypes", "model": "contenttype"}}, {"model": "contenttypes.contenttype", "pk": 6, "fields": {"app_label": "sessions", "model": "session"}}, {"model": "contenttypes.contenttype", "pk": 7, "fields": {"app_label": "scrum", "model": "profile"}}, {"model": "contenttypes.contenttype", "pk": 8, "fields": {"app_label": "scrum", "model": "entry"}}, {"model": "contenttypes.contenttype", "pk": 9, "fields": {"app_label": "scrum", "model": "paper"}}, {"model": "contenttypes.contenttype", "pk": 10, "fields": {"app_label": "scrum", "model": "exam"}}, {"model": "contenttypes.contenttype", "pk": 11, "fields": {"app_label": "scrum", "model": "examrecord"}}, {"model": "contenttypes.contenttype", "pk": 12, "fields": {"app_label": "scrum", "model": "entryoption"}}, {"model": "sessions.session", "pk": "29qd0sbockq7mxk5cg41joofesc0fujk", "fields": {"session_data": "ZjNjNWMwNjkzOTc3NGM1MzM2NGI2NjEyZTVkODI4NzViYTUyNzUyYTp7ImN1cnJlbnRfZXhhbV9yZWNvcmRfaWQiOjM3LCJjdXJyZW50X2VudHJ5X2lkIjoxLCJlbnRyeV9jb3VudCI6M30=", "expire_date": "2017-11-13T08:03:14.149Z"}}, {"model": "sessions.session", "pk": "37uyzl5bo8ufkzvcpg1z3n77jr5hlog3", "fields": {"session_data": "NGI0OGM4ZDE5OTA3M2RiODIxNmExOTEyY2I5OTY5NjI0MmYyMjEwZDp7Il9hdXRoX3VzZXJfaGFzaCI6IjIyMzY0NjEyOGI0ODJmOGVlYjQ4ZDU1YmI0ODdiODM3NDg1OWU5ZjIiLCJfYXV0aF91c2VyX2JhY2tlbmQiOiJkamFuZ28uY29udHJpYi5hdXRoLmJhY2tlbmRzLk1vZGVsQmFja2VuZCIsIl9hdXRoX3VzZXJfaWQiOiIxIn0=", "expire_date": "2017-09-13T11:28:25.218Z"}}, {"model": "sessions.session", "pk": "410pb5s7cyp5uy9sfttyvsg213jbn2dp", "fields": {"session_data": "NWRhM2FlNmQ1ZDg0ZjdlYmMxOThkNzRlYWQ0YTc2ZTc5OTkwNGM1Yzp7ImN1cnJlbnRfZW50cnlfaWQiOjF9", "expire_date": "2017-10-04T08:06:01.680Z"}}, {"model": "sessions.session", "pk": "61yixwi01sxfvppskw2fn8fctis9ltxs", "fields": {"session_data": "OTMxZGM4ZmM4NTRkZTczYjQyMzJkZTAxZjg2NjdlYThkMGRkYWFiMjp7ImN1cnJlbnRfZXhhbV9yZWNvcmRfaWQiOjg1LCJfYXV0aF91c2VyX2lkIjoiMSIsIl9hdXRoX3VzZXJfYmFja2VuZCI6ImRqYW5nby5jb250cmliLmF1dGguYmFja2VuZHMuTW9kZWxCYWNrZW5kIiwiZW50cnlfY291bnQiOjIwLCJfYXV0aF91c2VyX2hhc2giOiIyMjM2NDYxMjhiNDgyZjhlZWI0OGQ1NWJiNDg3YjgzNzQ4NTllOWYyIn0=", "expire_date": "2018-03-07T15:30:55.484Z"}}, {"model": "sessions.session", "pk": "hutzkdexj5u9bb07sik8e8kadiwvi0kx", "fields": {"session_data": "MmYwMTQ0OGNjMTg2ZTE0M2QwZjhiOWVlYjMyYTMyOWRkODI5YWM4NTp7ImN1cnJlbnRfZXhhbV9yZWNvcmRfaWQiOjYwLCJjdXJyZW50X2VudHJ5X2lkIjoxLCJfYXV0aF91c2VyX2lkIjoiMSIsIl9hdXRoX3VzZXJfYmFja2VuZCI6ImRqYW5nby5jb250cmliLmF1dGguYmFja2VuZHMuTW9kZWxCYWNrZW5kIiwiZW50cnlfY291bnQiOjIwLCJfYXV0aF91c2VyX2hhc2giOiIyMjM2NDYxMjhiNDgyZjhlZWI0OGQ1NWJiNDg3YjgzNzQ4NTllOWYyIn0=", "expire_date": "2017-12-26T03:52:03.831Z"}}, {"model": "sessions.session", "pk": "i7vxzjw81fdej9auubbotqspgqmrscpd", "fields": {"session_data": "NzQ1NzFhYzAxOTc5NjU3OTQ4MjNlZTQ3MTVjYThlYzIyZTE3YjQzMzp7ImN1cnJlbnRfZXhhbV9yZWNvcmRfaWQiOjM4LCJlbnRyeV9jb3VudCI6M30=", "expire_date": "2017-12-04T01:13:30.758Z"}}, {"model": "sessions.session", "pk": "oczrcokgfds5k07tef9heyxd2k8wzinm", "fields": {"session_data": "OTk1ZDY1ODIyMDI1NDMxMWFjZmNlYTIxZTYxNzQxMmUxZWY3YjgyODp7Il9hdXRoX3VzZXJfaWQiOiIxIiwiX2F1dGhfdXNlcl9iYWNrZW5kIjoiZGphbmdvLmNvbnRyaWIuYXV0aC5iYWNrZW5kcy5Nb2RlbEJhY2tlbmQiLCJfYXV0aF91c2VyX2hhc2giOiIyMjM2NDYxMjhiNDgyZjhlZWI0OGQ1NWJiNDg3YjgzNzQ4NTllOWYyIn0=", "expire_date": "2017-10-09T16:43:32.595Z"}}, {"model": "sessions.session", "pk": "s3upi8w1xds8aa8vt0wdczpk0563oshj", "fields": {"session_data": "ZWZiMGQ2OGQ0MGY2ZWU4MzY0ZDFkNWYzNmNiMmVkZjJmNTRkYzE1OTp7ImN1cnJlbnRfZXhhbV9yZWNvcmRfaWQiOjcyLCJjdXJyZW50X2VudHJ5X2lkIjoxLCJlbnRyeV9jb3VudCI6MjB9", "expire_date": "2018-03-07T14:02:32.696Z"}}, {"model": "sessions.session", "pk": "uz6a80keiklxdwa3erjfkmetgivtvvsl", "fields": {"session_data": "ZWYxYTVkMWNkODg1YjI0ZmZmNGQ3YTljYzgwM2ZhMjM3MjQzMDg3ZDp7ImN1cnJlbnRfZXhhbV9yZWNvcmRfaWQiOjM5LCJlbnRyeV9jb3VudCI6M30=", "expire_date": "2017-12-04T13:34:19.038Z"}}, {"model": "sessions.session", "pk": "wfjs0y3f571ner69vcxo9azzhpugz3b8", "fields": {"session_data": "Y2RlMmNhNDI1NjAzYzkwNGI1YTAzYzMxNDRiYjQ1NGU1ZGNhYWZlZDp7ImN1cnJlbnRfZXhhbV9yZWNvcmRfaWQiOjMwLCJfYXV0aF91c2VyX2lkIjoiMSIsIl9hdXRoX3VzZXJfYmFja2VuZCI6ImRqYW5nby5jb250cmliLmF1dGguYmFja2VuZHMuTW9kZWxCYWNrZW5kIiwiZW50cnlfY291bnQiOjMsIl9hdXRoX3VzZXJfaGFzaCI6IjIyMzY0NjEyOGI0ODJmOGVlYjQ4ZDU1YmI0ODdiODM3NDg1OWU5ZjIifQ==", "expire_date": "2017-10-12T10:28:23.934Z"}}, {"model": "sessions.session", "pk": "z2rk3c6w6sk8dkvz97ce0wyxxpfazx2f", "fields": {"session_data": "NGI0OGM4ZDE5OTA3M2RiODIxNmExOTEyY2I5OTY5NjI0MmYyMjEwZDp7Il9hdXRoX3VzZXJfaGFzaCI6IjIyMzY0NjEyOGI0ODJmOGVlYjQ4ZDU1YmI0ODdiODM3NDg1OWU5ZjIiLCJfYXV0aF91c2VyX2JhY2tlbmQiOiJkamFuZ28uY29udHJpYi5hdXRoLmJhY2tlbmRzLk1vZGVsQmFja2VuZCIsIl9hdXRoX3VzZXJfaWQiOiIxIn0=", "expire_date": "2017-09-16T03:05:20.311Z"}}, {"model": "scrum.entry", "pk": 1, "fields": {"question": "Scrum\u7b49\u4e8e\u654f\u6377\u5417\uff1f", "answer": "B", "role": "A", "category": "S", "tips": "", "explanation": "Scrum\u662f\u4e00\u79cd\u9075\u5faa\u654f\u6377\u5ba3\u8a00\u7684\u6846\u67b6", "score": 1}}, {"model": "scrum.entry", "pk": 2, "fields": {"question": "Scrum\u5b9a\u4e49\u4e86\u4e09\u5927\u89d2\u8272\u662f\uff1f", "answer": "ABC", "role": "A", "category": "M", "tips": "\u9f99\u821f\u961f", "explanation": "", "score": 1}}, {"model": "scrum.entry", "pk": 3, "fields": {"question": "Scrum\u7684\u5de5\u4ef6\u5305\u62ec\u54ea\u4e9b\uff1f", "answer": "ABD", "role": "A", "category": "M", "tips": "\u53c2\u80033355", "explanation": "", "score": 1}}, {"model": "scrum.entry", "pk": 4, "fields": {"question": "\u54ea\u4e2a\u7b26\u5408Sprint\u7684\u63cf\u8ff0?", "answer": "B", "role": "A", "category": "S", "tips": "", "explanation": "", "score": 1}}, {"model": "scrum.entry", "pk": 5, "fields": {"question": "\u54ea\u4e9b\u4e0d\u662f\u6bcf\u65e5Scrum\u7ad9\u4f1a\u4e0a\u8981\u56de\u7b54\u7684\u95ee\u9898\uff1f", "answer": "AB", "role": "A", "category": "M", "tips": "", "explanation": "", "score": 1}}, {"model": "scrum.entry", "pk": 6, "fields": {"question": "\u4e0b\u5217\u54ea\u4e2a\u6700\u7b26\u5408Product Backlog\u7684\u5b9a\u4e49\uff1f", "answer": "B", "role": "A", "category": "S", "tips": "", "explanation": "", "score": 1}}, {"model": "scrum.entry", "pk": 7, "fields": {"question": "Scrum\u662f\u57fa\u4e8e\u4e0b\u5217\u54ea\u79cd\u8fc7\u7a0b\u8bba\uff1f", "answer": "C", "role": "A", "category": "S", "tips": "", "explanation": "", "score": 1}}, {"model": "scrum.entry", "pk": 8, "fields": {"question": "Scrum Team\u662f\u6307\uff1f", "answer": "B", "role": "A", "category": "S", "tips": "", "explanation": "", "score": 1}}, {"model": "scrum.entry", "pk": 9, "fields": {"question": "Scrum\u56e2\u961f\u5bf9\u67d0\u9879\u5de5\u4f5c\u80fd\u5426\u4ea4\u4ed8\u7684\u4e00\u81f4\u7406\u89e3\u662f\u901a\u8fc7\u4ec0\u4e48\u6765\u4f53\u73b0\u7684\uff1f", "answer": "B", "role": "A", "category": "S", "tips": "", "explanation": "", "score": 1}}, {"model": "scrum.entry", "pk": 10, "fields": {"question": "\u4e34\u8fd1Sprint\u7ed3\u675f\u65f6\uff0c\u5927\u5bb6\u53d1\u73b0\u5de5\u4f5c\u4e0d\u80fd\u5168\u90e8\u5b8c\u6210\uff0c\u90a3\u4e48\u5e94\u8be5\u600e\u4e48\u505a\uff1f", "answer": "C", "role": "A", "category": "S", "tips": "", "explanation": "", "score": 1}}, {"model": "scrum.entry", "pk": 11, "fields": {"question": "\u4e0b\u5217\u54ea\u4e2a\u63cf\u8ff0\u66f4\u7b26\u5408Daily Scrum?", "answer": "B", "role": "A", "category": "S", "tips": "", "explanation": "", "score": 1}}, {"model": "scrum.entry", "pk": 12, "fields": {"question": "\u5b9e\u9a8c\u6027\u8fc7\u7a0b(Empirical Process)\u7684\u4e09\u5927\u652f\u67f1\u5305\u62ec\uff1f", "answer": "ACD", "role": "A", "category": "M", "tips": "", "explanation": "", "score": 1}}, {"model": "scrum.entry", "pk": 13, "fields": {"question": "\u5de5\u4f5c\u4e8e\u540c\u4e00\u4ea7\u54c1\u7684\u591a\u4e2aScrum\u56e2\u961f\u5e94\u8be5\u5982\u4f55\u5b9a\u4e49\u201c\u5b8c\u6210\"?", "answer": "A", "role": "A", "category": "S", "tips": "", "explanation": "", "score": 1}}, {"model": "scrum.entry", "pk": 14, "fields": {"question": "Scrum\u6846\u67b6\u6240\u5b9a\u4e49\u7684\u4ef7\u503c\u89c2\u662f\uff1f", "answer": "B", "role": "A", "category": "S", "tips": "", "explanation": "", "score": 1}}, {"model": "scrum.entry", "pk": 15, "fields": {"question": "\u54ea\u4e9b\u4eba\u53ef\u4ee5\u53c2\u52a0Sprint Review\uff1f", "answer": "ABCD", "role": "A", "category": "M", "tips": "", "explanation": "", "score": 1}}, {"model": "scrum.entry", "pk": 16, "fields": {"question": "\u5728Sprint\u8fc7\u7a0b\u4e2d\uff0c\u8c01\u8d1f\u8d23\u8ddf\u8e2a\u8fdb\u5ea6\u548c\u4fdd\u8bc1\u8d28\u91cf\uff1f", "answer": "A", "role": "A", "category": "S", "tips": "", "explanation": "", "score": 1}}, {"model": "scrum.entry", "pk": 17, "fields": {"question": "Sprint\u65f6\u95f4\u957f\u5ea6\u5b9a\u4e49\u662f\u591a\u4e45\uff1f", "answer": "A", "role": "A", "category": "S", "tips": "", "explanation": "", "score": 1}}, {"model": "scrum.entry", "pk": 18, "fields": {"question": "\u4e0b\u5217\u54ea\u4e2a\u7b26\u5408Scrum\u7684\u5b9a\u4e49\uff1f", "answer": "BD", "role": "A", "category": "M", "tips": "", "explanation": "", "score": 1}}, {"model": "scrum.entry", "pk": 19, "fields": {"question": "\u4e0b\u5217\u54ea\u4e9b\u4e0d\u662fScrum\u5b9a\u4e49\u7684\u4e8b\u4ef6\uff1f", "answer": "CD", "role": "A", "category": "M", "tips": "", "explanation": "", "score": 1}}, {"model": "scrum.entry", "pk": 20, "fields": {"question": "\u5173\u4e8e\u65f6\u95f4\u76d2\uff0c\u54ea\u4e9b\u8bf4\u6cd5\u662f\u6b63\u786e\u7684\uff1f", "answer": "ABCD", "role": "A", "category": "M", "tips": "", "explanation": "", "score": 1}}, {"model": "scrum.entry", "pk": 21, "fields": {"question": "Is Scrum equal to Agile?", "answer": "B", "role": "A", "category": "S", "tips": "", "explanation": "Scrum is a framework following Agile Manifesto", "score": 1}}, {"model": "scrum.entry", "pk": 22, "fields": {"question": "What are the three roles defined in Scrum?", "answer": "ABC", "role": "A", "category": "M", "tips": "Dragon Boat", "explanation": "", "score": 1}}, {"model": "scrum.entry", "pk": 23, "fields": {"question": "What are Scrum Artifacts?", "answer": "ABD", "role": "A", "category": "M", "tips": "\u53c2\u80033355", "explanation": "", "score": 1}}, {"model": "scrum.entry", "pk": 24, "fields": {"question": "Which conforms description of Scrum?", "answer": "B", "role": "A", "category": "S", "tips": "", "explanation": "", "score": 1}}, {"model": "scrum.entry", "pk": 25, "fields": {"question": "Which are not questions need to answer in Daily Scrum?", "answer": "AB", "role": "A", "category": "M", "tips": "", "explanation": "", "score": 1}}, {"model": "scrum.entry", "pk": 26, "fields": {"question": "Which is the most fit for Product Backlog?", "answer": "B", "role": "A", "category": "S", "tips": "", "explanation": "", "score": 1}}, {"model": "scrum.entry", "pk": 27, "fields": {"question": "Which process theory is Scrum based on?", "answer": "C", "role": "A", "category": "S", "tips": "", "explanation": "", "score": 1}}, {"model": "scrum.entry", "pk": 28, "fields": {"question": "What is Scrum Team?", "answer": "B", "role": "A", "category": "S", "tips": "", "explanation": "", "score": 1}}, {"model": "scrum.entry", "pk": 29, "fields": {"question": "How Scrum Team get to common understanding about how to complete some work?", "answer": "B", "role": "A", "category": "S", "tips": "", "explanation": "", "score": 1}}, {"model": "scrum.entry", "pk": 30, "fields": {"question": "What should do when people find they can not finish all the work at the end of Sprint?", "answer": "C", "role": "A", "category": "S", "tips": "", "explanation": "", "score": 1}}, {"model": "scrum.entry", "pk": 31, "fields": {"question": "Which conforms Daily Scrum?", "answer": "B", "role": "A", "category": "S", "tips": "", "explanation": "", "score": 1}}, {"model": "scrum.entry", "pk": 32, "fields": {"question": "What are three pillars of Empirical Process?", "answer": "ACD", "role": "A", "category": "M", "tips": "", "explanation": "", "score": 1}}, {"model": "scrum.entry", "pk": 33, "fields": {"question": "How to define \"Done\" by multi teams working on same product?", "answer": "A", "role": "A", "category": "S", "tips": "", "explanation": "", "score": 1}}, {"model": "scrum.entry", "pk": 34, "fields": {"question": "What's Scrum Values?", "answer": "B", "role": "A", "category": "S", "tips": "", "explanation": "", "score": 1}}, {"model": "scrum.entry", "pk": 35, "fields": {"question": "Who can attend Sprint Review?", "answer": "ABCD", "role": "A", "category": "M", "tips": "", "explanation": "", "score": 1}}, {"model": "scrum.entry", "pk": 36, "fields": {"question": "Who is responsible for tracking progress and ensure quality in Sprint?", "answer": "A", "role": "A", "category": "S", "tips": "", "explanation": "", "score": 1}}, {"model": "scrum.entry", "pk": 37, "fields": {"question": "How long is Sprint length defined?", "answer": "A", "role": "A", "category": "S", "tips": "", "explanation": "", "score": 1}}, {"model": "scrum.entry", "pk": 38, "fields": {"question": "Which conforms definition of Scrum?", "answer": "BD", "role": "A", "category": "M", "tips": "", "explanation": "", "score": 1}}, {"model": "scrum.entry", "pk": 39, "fields": {"question": "Which are not events defined in Scrum?", "answer": "CD", "role": "A", "category": "M", "tips": "", "explanation": "", "score": 1}}, {"model": "scrum.entry", "pk": 40, "fields": {"question": "Which are correct about time-box?", "answer": "ABCD", "role": "A", "category": "M", "tips": "", "explanation": "", "score": 1}}, {"model": "scrum.entryoption", "pk": 1, "fields": {"entry": 2, "desc": "ScrumMaster"}}, {"model": "scrum.entryoption", "pk": 2, "fields": {"entry": 2, "desc": "Product Owner"}}, {"model": "scrum.entryoption", "pk": 3, "fields": {"entry": 2, "desc": "Development Team"}}, {"model": "scrum.entryoption", "pk": 4, "fields": {"entry": 2, "desc": "Project Manager"}}, {"model": "scrum.entryoption", "pk": 5, "fields": {"entry": 1, "desc": "YES"}}, {"model": "scrum.entryoption", "pk": 6, "fields": {"entry": 1, "desc": "NO"}}, {"model": "scrum.entryoption", "pk": 7, "fields": {"entry": 3, "desc": "Sprint Backlog"}}, {"model": "scrum.entryoption", "pk": 8, "fields": {"entry": 3, "desc": "Increment"}}, {"model": "scrum.entryoption", "pk": 9, "fields": {"entry": 3, "desc": "Burndown Chart"}}, {"model": "scrum.entryoption", "pk": 10, "fields": {"entry": 4, "desc": "\u6781\u9650\u7f16\u7a0b\u65b9\u6cd5\u8bba\u4e2d\u5b9a\u4e49\u7684\u4e00\u4e2a\u8fed\u4ee3"}}, {"model": "scrum.entryoption", "pk": 11, "fields": {"entry": 4, "desc": "\u4e00\u4e2a\u56fa\u5b9a\u957f\u5ea6\u7684\u65f6\u95f4\u76d2\uff0c\u5305\u542b\u6240\u6709\u9700\u8981\u5b8c\u6210\u7684\u5de5\u4f5c"}}, {"model": "scrum.entryoption", "pk": 12, "fields": {"entry": 4, "desc": "Scrum\u9879\u76ee\u4e2d\u7528\u5c3d\u4e00\u5207\u624b\u6bb5\u8fbe\u81f4\u91cc\u7a0b\u7891"}}, {"model": "scrum.entryoption", "pk": 13, "fields": {"entry": 4, "desc": "\u4e24\u4e2a\u5f00\u53d1\u8005\u4e4b\u95f4\u7684\u901f\u5ea6\u7ade\u4e89"}}, {"model": "scrum.entryoption", "pk": 14, "fields": {"entry": 5, "desc": "\u89e3\u51b3\u67d0\u4e2a\u969c\u788d\u7684\u89e3\u51b3\u65b9\u6848\u662f\u4ec0\u4e48\uff1f"}}, {"model": "scrum.entryoption", "pk": 15, "fields": {"entry": 5, "desc": "\u4e0b\u4e00\u4e2a\u4efb\u52a1ScrumMaster\u8981\u5206\u914d\u7ed9\u8c01\uff1f"}}, {"model": "scrum.entryoption", "pk": 16, "fields": {"entry": 5, "desc": "\u6628\u5929\u6211\u5b8c\u6210\u4e86\u4ec0\u4e48\uff1f"}}, {"model": "scrum.entryoption", "pk": 17, "fields": {"entry": 5, "desc": "\u6211\u9047\u5230\u4ec0\u4e48\u969c\u788d\u4f1a\u5f71\u54cd\u8fbe\u6210Sprint\u76ee\u6807\uff1f"}}, {"model": "scrum.entryoption", "pk": 18, "fields": {"entry": 6, "desc": "\u9879\u76ee\u9700\u6c42\u6587\u6863"}}, {"model": "scrum.entryoption", "pk": 19, "fields": {"entry": 6, "desc": "\u4e00\u4efd\u52a8\u6001\u7684\u5217\u8868"}}, {"model": "scrum.entryoption", "pk": 20, "fields": {"entry": 6, "desc": "\u67d0\u4e2a\u8fed\u4ee3\u7684\u5de5\u4f5c\u96c6\u5408"}}, {"model": "scrum.entryoption", "pk": 21, "fields": {"entry": 12, "desc": "\u68c0\u89c6"}}, {"model": "scrum.entryoption", "pk": 22, "fields": {"entry": 12, "desc": "\u8bbe\u8ba1"}}, {"model": "scrum.entryoption", "pk": 23, "fields": {"entry": 12, "desc": "\u900f\u660e"}}, {"model": "scrum.entryoption", "pk": 24, "fields": {"entry": 12, "desc": "\u8c03\u6574"}}, {"model": "scrum.entryoption", "pk": 25, "fields": {"entry": 8, "desc": "\u5f00\u53d1\u56e2\u961f"}}, {"model": "scrum.entryoption", "pk": 26, "fields": {"entry": 8, "desc": "PO\u3001SM\u548cDevelopment Team"}}, {"model": "scrum.entryoption", "pk": 27, "fields": {"entry": 8, "desc": "Development Team"}}, {"model": "scrum.entryoption", "pk": 28, "fields": {"entry": 8, "desc": "\u654f\u6377\u6559\u7ec3\u56e2\u961f"}}, {"model": "scrum.entryoption", "pk": 29, "fields": {"entry": 9, "desc": "\u71c3\u5c3d\u56fe"}}, {"model": "scrum.entryoption", "pk": 30, "fields": {"entry": 9, "desc": "\"\u5b8c\u6210\"\u7684\u5b9a\u4e49"}}, {"model": "scrum.entryoption", "pk": 31, "fields": {"entry": 9, "desc": "Sprint Backlog"}}, {"model": "scrum.entryoption", "pk": 32, "fields": {"entry": 9, "desc": "\u7528\u6237\u6545\u4e8b"}}, {"model": "scrum.entryoption", "pk": 33, "fields": {"entry": 10, "desc": "\u52a0\u4eba\u624b\u540c\u65f6\u52a0\u73ed"}}, {"model": "scrum.entryoption", "pk": 34, "fields": {"entry": 10, "desc": "\u5ef6\u957fSprint\u65f6\u95f4\u76f4\u5230\u5b8c\u6210\u4efb\u52a1"}}, {"model": "scrum.entryoption", "pk": 35, "fields": {"entry": 10, "desc": "Sprint\u6309\u65f6\u7ed3\u675f\uff0c\u4e0b\u4e00\u4e2aSprint\u7ee7\u7eed\u8ba1\u5212\u5269\u4f59\u4efb\u52a1"}}, {"model": "scrum.entryoption", "pk": 36, "fields": {"entry": 10, "desc": "\u4e0b\u4e00\u4e2aSprint\u6309\u65f6\u5f00\u59cb\uff0c\u5f53\u524dSprint\u4e5f\u8981\u7ee7\u7eed\u5b8c\u6210"}}, {"model": "scrum.entryoption", "pk": 37, "fields": {"entry": 11, "desc": "ScrumMaster\u5728Daily Scrum\u4e0a\u66f4\u65b0\u71c3\u5c3d\u56fe\u548c\u770b\u677f"}}, {"model": "scrum.entryoption", "pk": 38, "fields": {"entry": 11, "desc": "Development Team\u8ddf\u8e2a\u5b8c\u6210Sprint\u76ee\u6807\u7684\u5de5\u4f5c\u8fdb\u5c55"}}, {"model": "scrum.entryoption", "pk": 39, "fields": {"entry": 11, "desc": "Product Owner\u68c0\u67e5\u56e2\u961f\u7684\u8fdb\u5ea6"}}, {"model": "scrum.entryoption", "pk": 40, "fields": {"entry": 11, "desc": "Development Team\u5411Manager\u6c47\u62a5\u72b6\u6001"}}, {"model": "scrum.entryoption", "pk": 41, "fields": {"entry": 7, "desc": "\u53d7\u63a7\u8fc7\u7a0b(Controlled Process)"}}, {"model": "scrum.entryoption", "pk": 42, "fields": {"entry": 7, "desc": "\u9884\u5b9a\u4e49\u8fc7\u7a0b(Defined Process)"}}, {"model": "scrum.entryoption", "pk": 43, "fields": {"entry": 7, "desc": "\u5b9e\u9a8c\u6027\u8fc7\u7a0b(Empirical Process)"}}, {"model": "scrum.entryoption", "pk": 44, "fields": {"entry": 7, "desc": "\u535a\u5f08\u8fc7\u7a0b(Game Process)"}}, {"model": "scrum.entryoption", "pk": 45, "fields": {"entry": 13, "desc": "\u6240\u6709Scrum Team\u5171\u4eab\u7edf\u4e00\u7684Definition of Done"}}, {"model": "scrum.entryoption", "pk": 46, "fields": {"entry": 13, "desc": "\u6bcf\u4e2aScrum Team\u53ef\u4ee5\u81ea\u884c\u5b9a\u4e49\u72ec\u7279\u7684Definition of Done"}}, {"model": "scrum.entryoption", "pk": 47, "fields": {"entry": 13, "desc": "ScrumMaster\u4eec\u8d1f\u8d23\u4fdd\u8bc1\u6bcf\u4e2a\u5de5\u4f5c\u9879\u505a\u5230\u5b8c\u6210"}}, {"model": "scrum.entryoption", "pk": 48, "fields": {"entry": 14, "desc": "\u4ea4\u6d41\u3001\u6734\u7d20\u3001\u53cd\u9988\u548c\u52c7\u6c14"}}, {"model": "scrum.entryoption", "pk": 49, "fields": {"entry": 14, "desc": "\u52c7\u6c14\u3001\u5f00\u653e\u3001\u4e13\u6ce8\u3001\u627f\u8bfa\u3001\u5c0a\u91cd"}}, {"model": "scrum.entryoption", "pk": 50, "fields": {"entry": 14, "desc": "\u201c\u4e2a\u4f53\u4e0e\u4e92\u52a8\u9ad8\u4e8e\u6d41\u7a0b\u548c\u5de5\u5177\u201d\u7b49\u56db\u53e5\u8bdd"}}, {"model": "scrum.entryoption", "pk": 51, "fields": {"entry": 14, "desc": "\u4e13\u6ce8\u3001\u5e73\u7b49\u3001\u534f\u4f5c\u3001\u4e3b\u52a8\u3001\u627f\u8bfa"}}, {"model": "scrum.entryoption", "pk": 52, "fields": {"entry": 15, "desc": "Product Owner"}}, {"model": "scrum.entryoption", "pk": 53, "fields": {"entry": 15, "desc": "Scrum Team"}}, {"model": "scrum.entryoption", "pk": 54, "fields": {"entry": 15, "desc": "Stakeholder"}}, {"model": "scrum.entryoption", "pk": 55, "fields": {"entry": 15, "desc": "Development Team"}}, {"model": "scrum.entryoption", "pk": 56, "fields": {"entry": 16, "desc": "Development Team"}}, {"model": "scrum.entryoption", "pk": 57, "fields": {"entry": 16, "desc": "Product Owner"}}, {"model": "scrum.entryoption", "pk": 58, "fields": {"entry": 16, "desc": "Project Manager"}}, {"model": "scrum.entryoption", "pk": 59, "fields": {"entry": 16, "desc": "ScrumMaster"}}, {"model": "scrum.entryoption", "pk": 60, "fields": {"entry": 17, "desc": "\u5c11\u4e8e4\u5468"}}, {"model": "scrum.entryoption", "pk": 61, "fields": {"entry": 17, "desc": "2\u5468"}}, {"model": "scrum.entryoption", "pk": 62, "fields": {"entry": 17, "desc": "1\u5468"}}, {"model": "scrum.entryoption", "pk": 63, "fields": {"entry": 17, "desc": "\u8d8a\u77ed\u8d8a\u597d\uff0c\u968f\u65f6\u7ed3\u675f"}}, {"model": "scrum.entryoption", "pk": 64, "fields": {"entry": 18, "desc": "\u4e00\u79cd\u4e8b\u65e0\u5de8\u7ec6\u7684\u654f\u6377\u65b9\u6cd5\u8bba"}}, {"model": "scrum.entryoption", "pk": 65, "fields": {"entry": 18, "desc": "\u4e00\u4e2a\u7834\u89e3\u590d\u6742\u95ee\u9898\u7684\u6846\u67b6"}}, {"model": "scrum.entryoption", "pk": 66, "fields": {"entry": 18, "desc": "\u4e00\u79cd\u9884\u5b9a\u4e49\u7684\u9879\u76ee\u7ba1\u7406\u624b\u6bb5"}}, {"model": "scrum.entryoption", "pk": 67, "fields": {"entry": 19, "desc": "Sprint Retrospective"}}, {"model": "scrum.entryoption", "pk": 68, "fields": {"entry": 19, "desc": "Daily Scrum"}}, {"model": "scrum.entryoption", "pk": 69, "fields": {"entry": 19, "desc": "Product Backlog Refinement"}}, {"model": "scrum.entryoption", "pk": 70, "fields": {"entry": 19, "desc": "Design Workshop"}}, {"model": "scrum.entryoption", "pk": 71, "fields": {"entry": 3, "desc": "Product Backlog"}}, {"model": "scrum.entryoption", "pk": 72, "fields": {"entry": 1, "desc": "\u4e0d\u4e00\u5b9a"}}, {"model": "scrum.entryoption", "pk": 73, "fields": {"entry": 20, "desc": "Scrum\u4e2d\u5b9a\u4e49\u7684\u4e8b\u4ef6\u90fd\u662f\u57fa\u4e8e\u65f6\u95f4\u76d2\u7684"}}, {"model": "scrum.entryoption", "pk": 74, "fields": {"entry": 20, "desc": "\u65f6\u95f4\u76d2\u53ef\u4ee5\u63d0\u524d\u7ed3\u675f"}}, {"model": "scrum.entryoption", "pk": 75, "fields": {"entry": 20, "desc": "\u65f6\u95f4\u4e00\u5230\uff0c\u65f6\u95f4\u76d2\u5c31\u7acb\u5373\u7ed3\u675f"}}, {"model": "scrum.entryoption", "pk": 76, "fields": {"entry": 20, "desc": "\u65f6\u95f4\u76d2\u6709\u52a9\u4e8e\u534f\u8c03\u8282\u594f\u548c\u63d0\u9ad8\u6548\u7387"}}, {"model": "scrum.entryoption", "pk": 77, "fields": {"entry": 6, "desc": "\u4ea7\u54c1\u7814\u53d1\u5408\u540c"}}, {"model": "scrum.entryoption", "pk": 78, "fields": {"entry": 18, "desc": "\u6700\u77ed\u65f6\u95f4\u5185\u4ea4\u4ed8\u6700\u5927\u4ef7\u503c"}}, {"model": "scrum.entryoption", "pk": 79, "fields": {"entry": 21, "desc": "Yes"}}, {"model": "scrum.entryoption", "pk": 80, "fields": {"entry": 21, "desc": "No"}}, {"model": "scrum.entryoption", "pk": 81, "fields": {"entry": 21, "desc": "Somehow"}}, {"model": "scrum.entryoption", "pk": 82, "fields": {"entry": 22, "desc": "ScrumMaster"}}, {"model": "scrum.entryoption", "pk": 83, "fields": {"entry": 22, "desc": "Product Owner"}}, {"model": "scrum.entryoption", "pk": 84, "fields": {"entry": 22, "desc": "Development Team"}}, {"model": "scrum.entryoption", "pk": 85, "fields": {"entry": 22, "desc": "Project Manager"}}, {"model": "scrum.entryoption", "pk": 86, "fields": {"entry": 40, "desc": "Scrum events are all based on time-box"}}, {"model": "scrum.entryoption", "pk": 87, "fields": {"entry": 40, "desc": "Time-box can be ended in advance"}}, {"model": "scrum.entryoption", "pk": 88, "fields": {"entry": 40, "desc": "Time-box ended when time is up right away"}}, {"model": "scrum.entryoption", "pk": 89, "fields": {"entry": 40, "desc": "Time-box is helpful to coordinate rhythm and improve efficiency"}}, {"model": "scrum.entryoption", "pk": 90, "fields": {"entry": 23, "desc": "Sprint Backlog"}}, {"model": "scrum.entryoption", "pk": 91, "fields": {"entry": 23, "desc": "Increment"}}, {"model": "scrum.entryoption", "pk": 92, "fields": {"entry": 23, "desc": "Burndown Chart"}}, {"model": "scrum.entryoption", "pk": 93, "fields": {"entry": 23, "desc": "Product Backlog"}}, {"model": "scrum.entryoption", "pk": 94, "fields": {"entry": 24, "desc": "An iteration in Extreme Programming (XP)"}}, {"model": "scrum.entryoption", "pk": 95, "fields": {"entry": 24, "desc": "A fixed-duration timebox including all work to be done"}}, {"model": "scrum.entryoption", "pk": 96, "fields": {"entry": 24, "desc": "Try best to achieve milestone in Scrum project"}}, {"model": "scrum.entryoption", "pk": 97, "fields": {"entry": 24, "desc": "Speed race between two developers"}}, {"model": "scrum.entryoption", "pk": 98, "fields": {"entry": 25, "desc": "What's the solution to some impediments?"}}, {"model": "scrum.entryoption", "pk": 99, "fields": {"entry": 25, "desc": "Who is to assign next task by ScrumMaster?"}}, {"model": "scrum.entryoption", "pk": 100, "fields": {"entry": 25, "desc": "What I have done yesterday?"}}, {"model": "scrum.entryoption", "pk": 101, "fields": {"entry": 25, "desc": "What impediment is undermine the Sprint goal?"}}, {"model": "scrum.entryoption", "pk": 102, "fields": {"entry": 26, "desc": "Project requirements documents"}}, {"model": "scrum.entryoption", "pk": 103, "fields": {"entry": 26, "desc": "A dynamic list"}}, {"model": "scrum.entryoption", "pk": 104, "fields": {"entry": 26, "desc": "Work set of an iteration"}}, {"model": "scrum.entryoption", "pk": 105, "fields": {"entry": 26, "desc": "Contract of product development"}}, {"model": "scrum.entryoption", "pk": 106, "fields": {"entry": 27, "desc": "Controlled Process"}}, {"model": "scrum.entryoption", "pk": 107, "fields": {"entry": 27, "desc": "Defined Process"}}, {"model": "scrum.entryoption", "pk": 108, "fields": {"entry": 27, "desc": "Empirical Process"}}, {"model": "scrum.entryoption", "pk": 109, "fields": {"entry": 27, "desc": "Game Process"}}, {"model": "scrum.entryoption", "pk": 110, "fields": {"entry": 28, "desc": "Developer Team"}}, {"model": "scrum.entryoption", "pk": 111, "fields": {"entry": 28, "desc": "PO, SM and Development Team"}}, {"model": "scrum.entryoption", "pk": 112, "fields": {"entry": 28, "desc": "Development Team"}}, {"model": "scrum.entryoption", "pk": 113, "fields": {"entry": 28, "desc": "Agile Coach Team"}}, {"model": "scrum.entryoption", "pk": 114, "fields": {"entry": 29, "desc": "Burndown chart"}}, {"model": "scrum.entryoption", "pk": 115, "fields": {"entry": 29, "desc": "Definition of Done"}}, {"model": "scrum.entryoption", "pk": 116, "fields": {"entry": 29, "desc": "Sprint Backlog"}}, {"model": "scrum.entryoption", "pk": 117, "fields": {"entry": 29, "desc": "User Story"}}, {"model": "scrum.entryoption", "pk": 118, "fields": {"entry": 30, "desc": "Add more people and work over time"}}, {"model": "scrum.entryoption", "pk": 119, "fields": {"entry": 30, "desc": "Extend Sprint time until all work are finished"}}, {"model": "scrum.entryoption", "pk": 120, "fields": {"entry": 30, "desc": "Sprint is ended on time, remaining work will be re-planned for next Sprint"}}, {"model": "scrum.entryoption", "pk": 121, "fields": {"entry": 30, "desc": "Next Sprint will be started on time while current Sprint continues"}}, {"model": "scrum.entryoption", "pk": 122, "fields": {"entry": 31, "desc": "ScrumMaster updates burndown chart and kanban in Daily Scrum"}}, {"model": "scrum.entryoption", "pk": 123, "fields": {"entry": 31, "desc": "Development Team tracks work progress towards Sprint goal"}}, {"model": "scrum.entryoption", "pk": 124, "fields": {"entry": 31, "desc": "Product Owner examine team's progress"}}, {"model": "scrum.entryoption", "pk": 125, "fields": {"entry": 31, "desc": "Development Team reports progress to managers"}}, {"model": "scrum.entryoption", "pk": 126, "fields": {"entry": 32, "desc": "Inspection"}}, {"model": "scrum.entryoption", "pk": 127, "fields": {"entry": 32, "desc": "Design"}}, {"model": "scrum.entryoption", "pk": 128, "fields": {"entry": 32, "desc": "Transparency"}}, {"model": "scrum.entryoption", "pk": 129, "fields": {"entry": 32, "desc": "Adaption"}}, {"model": "scrum.entryoption", "pk": 130, "fields": {"entry": 33, "desc": "All Scrum teams share a common Definition of Done"}}, {"model": "scrum.entryoption", "pk": 131, "fields": {"entry": 33, "desc": "Each Scrum teams define their own Definition of Done"}}, {"model": "scrum.entryoption", "pk": 132, "fields": {"entry": 33, "desc": "ScrumMasters ensure every work to be done"}}, {"model": "scrum.entryoption", "pk": 133, "fields": {"entry": 34, "desc": "Communication, austerity, feedback, and courage"}}, {"model": "scrum.entryoption", "pk": 134, "fields": {"entry": 34, "desc": "Courage, openness, focus, commitment, respect"}}, {"model": "scrum.entryoption", "pk": 135, "fields": {"entry": 34, "desc": "\"Individual and interaction over process and tools\" etc."}}, {"model": "scrum.entryoption", "pk": 136, "fields": {"entry": 34, "desc": "Focus, equality, collaboration, initiative, commitment"}}, {"model": "scrum.entryoption", "pk": 137, "fields": {"entry": 35, "desc": "Product Owner"}}, {"model": "scrum.entryoption", "pk": 138, "fields": {"entry": 35, "desc": "Scrum Team"}}, {"model": "scrum.entryoption", "pk": 139, "fields": {"entry": 35, "desc": "Stakeholder"}}, {"model": "scrum.entryoption", "pk": 140, "fields": {"entry": 35, "desc": "Development Team"}}, {"model": "scrum.entryoption", "pk": 141, "fields": {"entry": 36, "desc": "Development Team"}}, {"model": "scrum.entryoption", "pk": 142, "fields": {"entry": 36, "desc": "Product Owner"}}, {"model": "scrum.entryoption", "pk": 143, "fields": {"entry": 36, "desc": "Project Manager"}}, {"model": "scrum.entryoption", "pk": 144, "fields": {"entry": 36, "desc": "ScrumMaster"}}, {"model": "scrum.entryoption", "pk": 145, "fields": {"entry": 37, "desc": "Less than a month"}}, {"model": "scrum.entryoption", "pk": 146, "fields": {"entry": 37, "desc": "Two weeks"}}, {"model": "scrum.entryoption", "pk": 147, "fields": {"entry": 37, "desc": "One week"}}, {"model": "scrum.entryoption", "pk": 148, "fields": {"entry": 37, "desc": "The shorter, the better, it ends at any time"}}, {"model": "scrum.entryoption", "pk": 149, "fields": {"entry": 38, "desc": "A comprehensive Agile methodology"}}, {"model": "scrum.entryoption", "pk": 150, "fields": {"entry": 38, "desc": "A framework to resolve complex problem"}}, {"model": "scrum.entryoption", "pk": 151, "fields": {"entry": 38, "desc": "A pre-defined project management approach"}}, {"model": "scrum.entryoption", "pk": 152, "fields": {"entry": 38, "desc": "Deliver highest value in shortest time"}}, {"model": "scrum.entryoption", "pk": 153, "fields": {"entry": 39, "desc": "Sprint Retrospective"}}, {"model": "scrum.entryoption", "pk": 154, "fields": {"entry": 39, "desc": "Daily Scrum"}}, {"model": "scrum.entryoption", "pk": 155, "fields": {"entry": 39, "desc": "Product Backlog Refinement"}}, {"model": "scrum.entryoption", "pk": 156, "fields": {"entry": 39, "desc": "Design Workshop"}}, {"model": "scrum.paper", "pk": 1, "fields": {"name": "Scrum Foundation Chinese", "desc": "CSM pre-exam", "image": "", "last_update": "2018-02-21T13:36:52.769Z", "entry": [1, 2, 3, 4, 5, 6, 7, 8, 9, 10, 11, 12, 13, 14, 15, 16, 17, 18, 19, 20]}}, {"model": "scrum.paper", "pk": 2, "fields": {"name": "Scrum Foundation English", "desc": "CSM pre-exam English", "image": "", "last_update": "2018-02-21T13:36:28.496Z", "entry": [21, 22, 23, 24, 25, 26, 27, 28, 29, 30, 31, 32, 33, 34, 35, 36, 37, 38, 39, 40]}}, {"model": "scrum.exam", "pk": 1, "fields": {"title": "CSM pre-class", "desc": "According to Scrum Guide", "start_time": "2017-09-02T03:20:57Z", "end_time": "2017-09-02T03:20:59Z", "paper": 1}}, {"model": "scrum.exam", "pk": 2, "fields": {"title": "", "desc": "", "start_time": null, "end_time": null, "paper": 1}}, {"model": "scrum.examrecord", "pk": 19, "fields": {"name": "", "wechat_id": "", "mobile": "", "company": "", "email": "", "exam": 1, "answers": "A,ABC,A", "score": "100", "client_ip": "", "start_time": "2017-09-25T16:26:44.948Z", "update_time": "2017-09-25T16:26:44.948Z"}}, {"model": "scrum.examrecord", "pk": 20, "fields": {"name": "", "wechat_id": "", "mobile": "", "company": "", "email": "", "exam": 1, "answers": "A,ABC,B", "score": "100", "client_ip": "", "start_time": "2017-09-25T16:27:12.208Z", "update_time": "2017-09-25T16:27:12.208Z"}}, {"model": "scrum.examrecord", "pk": 21, "fields": {"name": "", "wechat_id": "", "mobile": "", "company": "", "email": "", "exam": 1, "answers": "B,ABC,B", "score": "99", "client_ip": "", "start_time": "2017-09-25T16:28:52.403Z", "update_time": "2017-09-25T16:28:52.403Z"}}, {"model": "scrum.examrecord", "pk": 22, "fields": {"name": "", "wechat_id": "", "mobile": "", "company": "", "email": "", "exam": 1, "answers": "B,-,A", "score": "", "client_ip": "", "start_time": "2017-09-25T16:35:58.412Z", "update_time": "2017-09-25T16:35:58.412Z"}}, {"model": "scrum.examrecord", "pk": 23, "fields": {"name": "", "wechat_id": "", "mobile": "", "company": "", "email": "", "exam": 1, "answers": "A,D,B", "score": "33", "client_ip": "", "start_time": "2017-09-25T16:39:14.498Z", "update_time": "2017-09-25T16:39:14.498Z"}}, {"model": "scrum.examrecord", "pk": 24, "fields": {"name": "", "wechat_id": "", "mobile": "", "company": "", "email": "", "exam": 1, "answers": "B,A,A", "score": "33", "client_ip": "", "start_time": "2017-09-25T16:43:32.589Z", "update_time": "2017-09-25T16:43:32.589Z"}}, {"model": "scrum.examrecord", "pk": 25, "fields": {"name": "", "wechat_id": "", "mobile": "", "company": "", "email": "", "exam": 1, "answers": "A,ABC,C", "score": "33", "client_ip": "", "start_time": "2017-09-28T10:02:28.433Z", "update_time": "2017-09-28T10:02:28.433Z"}}, {"model": "scrum.examrecord", "pk": 26, "fields": {"name": "", "wechat_id": "", "mobile": "", "company": "", "email": "", "exam": 1, "answers": "-,-,-", "score": "", "client_ip": "", "start_time": "2017-09-28T10:15:46.725Z", "update_time": "2017-09-28T10:15:46.725Z"}}, {"model": "scrum.examrecord", "pk": 27, "fields": {"name": "", "wechat_id": "", "mobile": "", "company": "", "email": "", "exam": 1, "answers": "A,AC,B", "score": "33", "client_ip": "", "start_time": "2017-09-28T10:16:19.954Z", "update_time": "2017-09-28T10:16:19.954Z"}}, {"model": "scrum.examrecord", "pk": 28, "fields": {"name": "", "wechat_id": "", "mobile": "", "company": "", "email": "a@b", "exam": 1, "answers": "B,,", "score": "33", "client_ip": "", "start_time": "2017-09-28T10:20:32.361Z", "update_time": "2017-09-28T10:20:32.361Z"}}, {"model": "scrum.examrecord", "pk": 29, "fields": {"name": "", "wechat_id": "", "mobile": "", "company": "", "email": "a@b", "exam": 1, "answers": ",,", "score": "0", "client_ip": "", "start_time": "2017-09-28T10:28:06.938Z", "update_time": "2017-09-28T10:28:06.938Z"}}, {"model": "scrum.examrecord", "pk": 30, "fields": {"name": "", "wechat_id": "", "mobile": "", "company": "", "email": "a@b", "exam": 1, "answers": "-,A,B", "score": "33", "client_ip": "", "start_time": "2017-09-28T10:28:26.825Z", "update_time": "2017-09-28T10:28:26.825Z"}}, {"model": "scrum.examrecord", "pk": 31, "fields": {"name": "", "wechat_id": "", "mobile": "", "company": "", "email": "", "exam": 1, "answers": "-,-,-", "score": "", "client_ip": "", "start_time": "2017-10-30T06:38:15.652Z", "update_time": "2017-10-30T06:38:15.652Z"}}, {"model": "scrum.examrecord", "pk": 32, "fields": {"name": "", "wechat_id": "", "mobile": "", "company": "", "email": "", "exam": 1, "answers": "-,-,-", "score": "", "client_ip": "", "start_time": "2017-10-30T15:08:59.703Z", "update_time": "2017-10-30T15:08:59.703Z"}}, {"model": "scrum.examrecord", "pk": 33, "fields": {"name": "", "wechat_id": "", "mobile": "", "company": "", "email": "", "exam": 1, "answers": "-,-,-", "score": "", "client_ip": "", "start_time": "2017-10-30T07:25:42.551Z", "update_time": "2017-10-30T07:25:42.551Z"}}, {"model": "scrum.examrecord", "pk": 34, "fields": {"name": "", "wechat_id": "", "mobile": "", "company": "", "email": "", "exam": 1, "answers": "-,-,-", "score": "", "client_ip": "", "start_time": "2017-10-30T07:41:26.992Z", "update_time": "2017-10-30T07:41:26.992Z"}}, {"model": "scrum.examrecord", "pk": 35, "fields": {"name": "", "wechat_id": "", "mobile": "", "company": "", "email": "", "exam": 1, "answers": "-,-,-", "score": "", "client_ip": "", "start_time": "2017-10-30T07:48:20.314Z", "update_time": "2017-10-30T07:48:20.315Z"}}, {"model": "scrum.examrecord", "pk": 36, "fields": {"name": "", "wechat_id": "", "mobile": "", "company": "", "email": "", "exam": 1, "answers": "-,-,-", "score": "", "client_ip": "", "start_time": "2017-10-30T07:50:14.657Z", "update_time": "2017-10-30T07:50:14.657Z"}}, {"model": "scrum.examrecord", "pk": 37, "fields": {"name": "", "wechat_id": "", "mobile": "", "company": "", "email": "", "exam": 1, "answers": "-,-,-", "score": "", "client_ip": "", "start_time": "2017-10-30T07:59:33.988Z", "update_time": "2017-10-30T07:59:33.988Z"}}, {"model": "scrum.examrecord", "pk": 38, "fields": {"name": "up", "wechat_id": "", "mobile": "", "company": "", "email": "jackyshen@uperform.cn", "exam": 1, "answers": ",C,-", "score": "0", "client_ip": "", "start_time": "2017-11-20T01:28:59.694Z", "update_time": "2017-11-20T01:28:59.694Z"}}, {"model": "scrum.examrecord", "pk": 39, "fields": {"name": "jacky", "wechat_id": "", "mobile": "", "company": "up", "email": "vernon.stinebaker@icloud.com", "exam": 1, "answers": "B,C,B", "score": "66", "client_ip": "", "start_time": "2017-11-20T14:14:42.015Z", "update_time": "2017-11-20T14:14:42.015Z"}}, {"model": "scrum.examrecord", "pk": 40, "fields": {"name": "", "wechat_id": "", "mobile": "", "company": "", "email": "", "exam": 1, "answers": "-,-,-", "score": "0", "client_ip": "", "start_time": "2017-11-21T14:53:05.012Z", "update_time": "2017-11-21T14:53:05.012Z"}}, {"model": "scrum.examrecord", "pk": 41, "fields": {"name": "", "wechat_id": "", "mobile": "", "company": "", "email": "", "exam": 1, "answers": "-,-,-,-,-,-,-,-,-,-", "score": "", "client_ip": "", "start_time": "2017-11-21T14:53:53.309Z", "update_time": "2017-11-21T14:53:53.309Z"}}, {"model": "scrum.examrecord", "pk": 42, "fields": {"name": "", "wechat_id": "", "mobile": "", "company": "", "email": "", "exam": 1, "answers": "B,,-,-,AB,-,-,-,-,-", "score": "", "client_ip": "", "start_time": "2017-11-22T03:10:18.155Z", "update_time": "2017-11-22T03:10:18.155Z"}}, {"model": "scrum.examrecord", "pk": 43, "fields": {"name": "", "wechat_id": "", "mobile": "", "company": "", "email": "", "exam": 1, "answers": "-,-,-,-,-,-,-,-,-,-,-,-,-,-,-,-,-,-,-,-", "score": "", "client_ip": "", "start_time": "2017-11-22T03:13:59.088Z", "update_time": "2017-11-22T03:13:59.088Z"}}, {"model": "scrum.examrecord", "pk": 44, "fields": {"name": "", "wechat_id": "", "mobile": "", "company": "", "email": "", "exam": 1, "answers": "-,-,-,-,-,-,-,-,-,-,-,-,-,-,-,-,-,-,-,-", "score": "", "client_ip": "", "start_time": "2017-11-22T03:19:17.107Z", "update_time": "2017-11-22T03:19:17.107Z"}}, {"model": "scrum.examrecord", "pk": 45, "fields": {"name": "", "wechat_id": "", "mobile": "", "company": "", "email": "", "exam": 1, "answers": "-,-,-,-,-,-,-,-,-,-,-,-,-,-,-,-,-,-,-,-", "score": "", "client_ip": "", "start_time": "2017-11-22T14:07:35.257Z", "update_time": "2017-11-22T14:07:35.257Z"}}, {"model": "scrum.examrecord", "pk": 46, "fields": {"name": "", "wechat_id": "", "mobile": "", "company": "", "email": "", "exam": 1, "answers": "-,-,-,-,-,-,-,-,-,-,-,-,-,-,-,-,-,-,-,-", "score": "", "client_ip": "", "start_time": "2017-11-22T14:10:13.108Z", "update_time": "2017-11-22T14:10:13.108Z"}}, {"model": "scrum.examrecord", "pk": 47, "fields": {"name": "", "wechat_id": "", "mobile": "", "company": "", "email": "", "exam": 1, "answers": "-,-,-,-,-,-,-,-,-,-,-,-,-,-,-,-,-,-,-,-", "score": "", "client_ip": "", "start_time": "2017-11-22T14:10:42.568Z", "update_time": "2017-11-22T14:10:42.568Z"}}, {"model": "scrum.examrecord", "pk": 48, "fields": {"name": "", "wechat_id": "", "mobile": "", "company": "", "email": "", "exam": 1, "answers": "-,-,-,-,-,-,-,-,-,-,-,-,-,-,-,-,-,-,-,-", "score": "", "client_ip": "", "start_time": "2017-11-22T14:21:41.296Z", "update_time": "2017-11-22T14:21:41.296Z"}}, {"model": "scrum.examrecord", "pk": 49, "fields": {"name": "", "wechat_id": "", "mobile": "", "company": "", "email": "", "exam": 1, "answers": "-,-,-,-,-,-,-,-,-,-,-,-,-,-,-,-,-,-,-,-", "score": "", "client_ip": "", "start_time": "2017-11-22T14:24:33.161Z", "update_time": "2017-11-22T14:24:33.161Z"}}, {"model": "scrum.examrecord", "pk": 50, "fields": {"name": "", "wechat_id": "", "mobile": "", "company": "", "email": "a@b.cn", "exam": 1, "answers": "-,-,-,-,-,-,-,-,-,-,-,-,-,-,-,-,-,-,-,-", "score": "0", "client_ip": "", "start_time": "2017-11-22T14:39:53.222Z", "update_time": "2017-11-22T14:39:53.222Z"}}, {"model": "scrum.examrecord", "pk": 51, "fields": {"name": "", "wechat_id": "", "mobile": "", "company": "", "email": "", "exam": 1, "answers": ",C,-,B,-,-,-,-,-,-,-,-,-,-,-,-,-,-,-,-", "score": "", "client_ip": "", "start_time": "2017-11-22T15:40:45.048Z", "update_time": "2017-11-22T15:40:57.488Z"}}, {"model": "scrum.examrecord", "pk": 52, "fields": {"name": "", "wechat_id": "", "mobile": "", "company": "", "email": "", "exam": 1, "answers": "B,B,ABD,B,-,-,-,-,-,-,-,-,-,-,-,-,-,-,-,-", "score": "", "client_ip": "", "start_time": "2017-11-23T01:51:42.612Z", "update_time": "2017-11-23T02:00:47.110Z"}}, {"model": "scrum.examrecord", "pk": 53, "fields": {"name": "", "wechat_id": "", "mobile": "", "company": "", "email": "jackyshen@uperform.cn", "exam": 1, "answers": "-,C,ABD,B,-,-,-,-,-,-,-,-,-,-,-,-,-,-,-,-", "score": "10", "client_ip": "", "start_time": "2017-11-23T02:24:41.167Z", "update_time": "2017-11-23T03:04:35.389Z"}}, {"model": "scrum.examrecord", "pk": 54, "fields": {"name": "", "wechat_id": "", "mobile": "", "company": "", "email": "", "exam": 1, "answers": "-,-,-,-,-,-,-,-,-,-,-,-,-,-,-,-,-,-,-,-", "score": "", "client_ip": "", "start_time": "2017-11-23T03:11:15.544Z", "update_time": "2017-11-23T03:11:15.544Z"}}, {"model": "scrum.examrecord", "pk": 55, "fields": {"name": "j", "wechat_id": "", "mobile": "", "company": "u", "email": "jackyshen@uperform.cn", "exam": 1, "answers": ",-,-,-,-,-,-,-,-,-,-,-,-,-,-,-,-,-,-,-", "score": "0", "client_ip": "", "start_time": "2017-11-23T03:12:04.612Z", "update_time": "2017-11-23T03:12:16.212Z"}}, {"model": "scrum.examrecord", "pk": 56, "fields": {"name": "jacky", "wechat_id": "", "mobile": "", "company": "up", "email": "", "exam": 1, "answers": "C,BC,-,-,-,-,-,-,-,-,-,-,-,-,-,-,-,-,-,-", "score": "", "client_ip": "", "start_time": "2017-11-23T11:21:07.491Z", "update_time": "2017-11-23T11:21:19.510Z"}}, {"model": "scrum.examrecord", "pk": 57, "fields": {"name": "jacky", "wechat_id": "", "mobile": "", "company": "scrumchina", "email": "", "exam": 1, "answers": "-,-,-,-,-,-,-,-,-,-,-,-,-,-,-,-,-,-,-,-", "score": "", "client_ip": "", "start_time": "2017-11-23T11:25:37.523Z", "update_time": "2017-11-23T11:25:37.523Z"}}, {"model": "scrum.examrecord", "pk": 58, "fields": {"name": "j", "wechat_id": "", "mobile": "", "company": "u", "email": "", "exam": 1, "answers": "C,-,-,-,-,-,-,-,-,-,-,-,-,-,-,-,-,-,-,-", "score": "", "client_ip": "127.0.0.1", "start_time": "2017-12-07T08:24:48.013Z", "update_time": "2017-12-07T08:24:52.599Z"}}, {"model": "scrum.examrecord", "pk": 59, "fields": {"name": "j", "wechat_id": "", "mobile": "", "company": "j", "email": "", "exam": 1, "answers": "C,C,D,-,,-,-,-,-,-,-,-,-,-,-,-,-,-,-,B", "score": "0", "client_ip": "127.0.0.1", "start_time": "2017-12-12T03:48:52.763Z", "update_time": "2017-12-12T03:51:42.709Z"}}, {"model": "scrum.examrecord", "pk": 60, "fields": {"name": "j", "wechat_id": "", "mobile": "", "company": "j", "email": "", "exam": 1, "answers": "-,-,-,-,-,-,-,-,-,-,-,-,-,-,-,-,-,-,-,-", "score": "", "client_ip": "127.0.0.1", "start_time": "2017-12-12T03:52:03.801Z", "update_time": "2017-12-12T03:52:03.804Z"}}, {"model": "scrum.examrecord", "pk": 61, "fields": {"name": "j", "wechat_id": "", "mobile": "", "company": "j", "email": "jackyshen@uperform.cn", "exam": 1, "answers": "-,-,-,-,-,-,-,-,-,-,-,-,-,-,-,-,-,-,-,C", "score": "0", "client_ip": "127.0.0.1", "start_time": "2017-12-12T04:02:54.663Z", "update_time": "2017-12-12T04:04:34.392Z"}}, {"model": "scrum.examrecord", "pk": 62, "fields": {"name": "j", "wechat_id": "", "mobile": "", "company": "j", "email": "jackyshen@uperform.cn", "exam": 1, "answers": "B,-,-,-,-,-,-,-,-,-,-,-,-,-,-,-,-,-,-,", "score": "5", "client_ip": "127.0.0.1", "start_time": "2017-12-12T04:05:06.259Z", "update_time": "2017-12-12T04:05:21.638Z"}}, {"model": "scrum.examrecord", "pk": 63, "fields": {"name": "", "wechat_id": "", "mobile": "", "company": "", "email": "", "exam": 1, "answers": "", "score": "", "client_ip": "", "start_time": "2017-12-12T04:10:41.181Z", "update_time": "2017-12-12T04:10:41.181Z"}}, {"model": "scrum.examrecord", "pk": 64, "fields": {"name": "", "wechat_id": "", "mobile": "", "company": "", "email": "", "exam": 1, "answers": "", "score": "", "client_ip": "", "start_time": "2017-12-12T04:10:55.312Z", "update_time": "2017-12-12T04:10:55.312Z"}}, {"model": "scrum.examrecord", "pk": 65, "fields": {"name": "", "wechat_id": "", "mobile": "", "company": "", "email": "", "exam": 1, "answers": "", "score": "", "client_ip": "", "start_time": "2017-12-12T04:11:12.673Z", "update_time": "2017-12-12T04:11:12.673Z"}}, {"model": "scrum.examrecord", "pk": 66, "fields": {"name": "j", "wechat_id": "", "mobile": "", "company": "j", "email": "", "exam": 1, "answers": "-,-,-,-,-,-,-,-,-,-,-,-,-,-,-,-,-,-,-,-", "score": "", "client_ip": "127.0.0.1,", "start_time": "2017-12-12T04:11:30.741Z", "update_time": "2017-12-12T04:11:30.741Z"}}, {"model": "scrum.examrecord", "pk": 67, "fields": {"name": "j", "wechat_id": "", "mobile": "", "company": "j", "email": "", "exam": 1, "answers": "-,-,-,-,-,-,-,-,-,-,-,-,-,-,-,-,-,-,-,-", "score": "", "client_ip": "127.0.0.1,", "start_time": "2017-12-12T04:14:35.464Z", "update_time": "2017-12-12T04:14:35.466Z"}}, {"model": "scrum.examrecord", "pk": 68, "fields": {"name": "aa", "wechat_id": "", "mobile": "", "company": "dfd", "email": "", "exam": 1, "answers": "-,-,-,-,-,-,-,-,-,-,-,-,-,-,-,-,-,-,-,-", "score": "", "client_ip": "127.0.0.1,", "start_time": "2018-02-21T10:44:11.545Z", "update_time": "2018-02-21T10:44:11.545Z"}}, {"model": "scrum.examrecord", "pk": 69, "fields": {"name": "ad", "wechat_id": "", "mobile": "", "company": "f'da", "email": "jackyshen@uperform.cn", "exam": 1, "answers": "A,AC,-,-,AB,C,C,A,B,B,C,ACD,A,B,-,-,-,-,C,C", "score": "30", "client_ip": "127.0.0.1,", "start_time": "2018-02-21T11:17:13.526Z", "update_time": "2018-02-21T12:44:18.094Z"}}, {"model": "scrum.examrecord", "pk": 70, "fields": {"name": "dfas", "wechat_id": "", "mobile": "", "company": "dfa", "email": "jackyshen@uperform.cn", "exam": 1, "answers": "C,BD,-,-,-,-,-,-,-,-,-,-,-,-,-,-,-,-,-,A", "score": "0", "client_ip": "127.0.0.1,", "start_time": "2018-02-21T12:46:37.398Z", "update_time": "2018-02-21T12:47:10.195Z"}}, {"model": "scrum.examrecord", "pk": 71, "fields": {"name": "bfbgf", "wechat_id": "", "mobile": "", "company": "jhjyh", "email": "jackyshen@uperform.cn", "exam": 1, "answers": "C,ABC,-,-,-,-,-,-,-,-,-,-,-,-,-,-,-,-,-,-", "score": "5", "client_ip": "127.0.0.1,", "start_time": "2018-02-21T12:49:49.153Z", "update_time": "2018-02-21T12:50:12.805Z"}}, {"model": "scrum.examrecord", "pk": 72, "fields": {"name": "Hhsi", "wechat_id": "", "mobile": "", "company": "Hbsm", "email": "", "exam": 1, "answers": "-,-,-,-,-,-,-,-,-,-,-,-,-,-,-,-,-,-,-,-", "score": "", "client_ip": "192.168.1.101,", "start_time": "2018-02-21T14:02:32.548Z", "update_time": "2018-02-21T14:02:32.549Z"}}, {"model": "scrum.examrecord", "pk": 73, "fields": {"name": "dfaas", "wechat_id": "", "mobile": "", "company": "fdsafads", "email": "", "exam": 1, "answers": "B,-,-,-,-,-,-,-,-,-,-,-,-,-,-,-,-,-,-,ABCD", "score": "10", "client_ip": "127.0.0.1,", "start_time": "2018-02-21T14:17:09.864Z", "update_time": "2018-02-21T14:36:18.944Z"}}, {"model": "scrum.examrecord", "pk": 74, "fields": {"name": "fda", "wechat_id": "", "mobile": "", "company": "dfasf", "email": "", "exam": 1, "answers": "-,-,-,-,-,-,-,-,-,-,-,-,-,-,-,-,-,-,-,-", "score": "0", "client_ip": "127.0.0.1,", "start_time": "2018-02-21T14:36:29.369Z", "update_time": "2018-02-21T14:36:29.412Z"}}, {"model": "scrum.examrecord", "pk": 75, "fields": {"name": "fda", "wechat_id": "", "mobile": "", "company": "dfasf", "email": "jackyshen@uperform.cn", "exam": 1, "answers": "B,B,-,-,-,-,-,-,-,-,-,-,-,-,-,-,-,-,-,ABCD", "score": "10", "client_ip": "127.0.0.1,", "start_time": "2018-02-21T14:36:50.164Z", "update_time": "2018-02-21T14:39:20.746Z"}}, {"model": "scrum.examrecord", "pk": 76, "fields": {"name": "vdfads", "wechat_id": "", "mobile": "", "company": "dfafa", "email": "jackyshen@uperform.cn", "exam": 1, "answers": "C,ABC,-,-,-,-,-,-,-,-,-,-,-,-,-,-,-,-,C,ABCD", "score": "10", "client_ip": "127.0.0.1,", "start_time": "2018-02-21T14:39:39.363Z", "update_time": "2018-02-21T14:40:26.277Z"}}, {"model": "scrum.examrecord", "pk": 77, "fields": {"name": "fdafa", "wechat_id": "", "mobile": "", "company": "fdasf", "email": "jackyshen@uperform.cn", "exam": 1, "answers": "B,-,-,-,-,-,-,-,-,-,-,-,-,-,-,-,-,-,-,ABCD", "score": "10", "client_ip": "127.0.0.1,", "start_time": "2018-02-21T14:40:37.817Z", "update_time": "2018-02-21T14:40:55.484Z"}}, {"model": "scrum.examrecord", "pk": 78, "fields": {"name": "sfdsa", "wechat_id": "", "mobile": "", "company": "fdaf", "email": "jackyshen@uperform.cn", "exam": 1, "answers": "C,-,-,-,-,-,-,-,-,-,-,-,-,-,-,-,-,-,-,ABCD", "score": "5", "client_ip": "127.0.0.1,", "start_time": "2018-02-21T14:41:13.437Z", "update_time": "2018-02-21T14:48:52.670Z"}}, {"model": "scrum.examrecord", "pk": 79, "fields": {"name": "daf", "wechat_id": "", "mobile": "", "company": "dfad", "email": "", "exam": 1, "answers": "-,-,-,-,-,-,-,-,-,-,-,-,-,-,-,-,-,-,-,-", "score": "", "client_ip": "127.0.0.1,", "start_time": "2018-02-21T14:49:02.559Z", "update_time": "2018-02-21T14:49:02.560Z"}}, {"model": "scrum.examrecord", "pk": 80, "fields": {"name": "fadsf", "wechat_id": "", "mobile": "", "company": "fdasfds", "email": "", "exam": 1, "answers": "C,-,-,-,-,-,-,-,-,-,-,-,-,-,-,-,-,-,-,-", "score": "0", "client_ip": "127.0.0.1,", "start_time": "2018-02-21T15:26:51.245Z", "update_time": "2018-02-21T15:28:27.105Z"}}, {"model": "scrum.examrecord", "pk": 81, "fields": {"name": "daf", "wechat_id": "", "mobile": "", "company": "fdsaf", "email": "", "exam": 1, "answers": "C,A,-,-,-,-,-,-,-,-,-,-,-,-,-,-,-,-,-,-", "score": "0", "client_ip": "127.0.0.1,", "start_time": "2018-02-21T15:28:36.264Z", "update_time": "2018-02-21T15:29:02.837Z"}}, {"model": "scrum.examrecord", "pk": 82, "fields": {"name": "dafs", "wechat_id": "", "mobile": "", "company": "fdaf", "email": "", "exam": 1, "answers": "-,-,-,-,-,-,-,-,-,-,-,-,-,-,-,-,-,-,-,-", "score": "0", "client_ip": "127.0.0.1,", "start_time": "2018-02-21T15:29:09.876Z", "update_time": "2018-02-21T15:29:21.239Z"}}, {"model": "scrum.examrecord", "pk": 83, "fields": {"name": "daf", "wechat_id": "", "mobile": "", "company": "fdas", "email": "", "exam": 1, "answers": "B,-,-,-,-,-,-,-,-,-,-,-,-,-,-,-,-,-,-,-", "score": "", "client_ip": "127.0.0.1,", "start_time": "2018-02-21T15:29:26.158Z", "update_time": "2018-02-21T15:29:27.790Z"}}, {"model": "scrum.examrecord", "pk": 84, "fields": {"name": "dfad", "wechat_id": "", "mobile": "", "company": "qw", "email": "jackyshen@uperform.cn", "exam": 1, "answers": "C,ABCD,-,-,-,-,-,-,-,-,-,-,-,-,-,-,-,-,-,A", "score": "0", "client_ip": "127.0.0.1,", "start_time": "2018-02-21T15:30:07.068Z", "update_time": "2018-02-21T15:30:28.941Z"}}, {"model": "scrum.examrecord", "pk": 85, "fields": {"name": "fdsaf", "wechat_id": "", "mobile": "", "company": "dfsaf", "email": "jackyshen@uperform.cn", "exam": 1, "answers": "A,-,-,-,-,-,-,-,-,-,-,-,-,-,-,-,-,-,B,B", "score": "0", "client_ip": "127.0.0.1,", "start_time": "2018-02-21T15:30:42.103Z", "update_time": "2018-02-21T15:30:58.697Z"}}, {"model": "auth.permission", "pk": 1, "fields": {"name": "Can add log entry", "content_type": 1, "codename": "add_logentry"}}, {"model": "auth.permission", "pk": 2, "fields": {"name": "Can change log entry", "content_type": 1, "codename": "change_logentry"}}, {"model": "auth.permission", "pk": 3, "fields": {"name": "Can delete log entry", "content_type": 1, "codename": "delete_logentry"}}, {"model": "auth.permission", "pk": 4, "fields": {"name": "Can add permission", "content_type": 2, "codename": "add_permission"}}, {"model": "auth.permission", "pk": 5, "fields": {"name": "Can change permission", "content_type": 2, "codename": "change_permission"}}, {"model": "auth.permission", "pk": 6, "fields": {"name": "Can delete permission", "content_type": 2, "codename": "delete_permission"}}, {"model": "auth.permission", "pk": 7, "fields": {"name": "Can add group", "content_type": 3, "codename": "add_group"}}, {"model": "auth.permission", "pk": 8, "fields": {"name": "Can change group", "content_type": 3, "codename": "change_group"}}, {"model": "auth.permission", "pk": 9, "fields": {"name": "Can delete group", "content_type": 3, "codename": "delete_group"}}, {"model": "auth.permission", "pk": 10, "fields": {"name": "Can add user", "content_type": 4, "codename": "add_user"}}, {"model": "auth.permission", "pk": 11, "fields": {"name": "Can change user", "content_type": 4, "codename": "change_user"}}, {"model": "auth.permission", "pk": 12, "fields": {"name": "Can delete user", "content_type": 4, "codename": "delete_user"}}, {"model": "auth.permission", "pk": 13, "fields": {"name": "Can add content type", "content_type": 5, "codename": "add_contenttype"}}, {"model": "auth.permission", "pk": 14, "fields": {"name": "Can change content type", "content_type": 5, "codename": "change_contenttype"}}, {"model": "auth.permission", "pk": 15, "fields": {"name": "Can delete content type", "content_type": 5, "codename": "delete_contenttype"}}, {"model": "auth.permission", "pk": 16, "fields": {"name": "Can add session", "content_type": 6, "codename": "add_session"}}, {"model": "auth.permission", "pk": 17, "fields": {"name": "Can change session", "content_type": 6, "codename": "change_session"}}, {"model": "auth.permission", "pk": 18, "fields": {"name": "Can delete session", "content_type": 6, "codename": "delete_session"}}, {"model": "auth.permission", "pk": 19, "fields": {"name": "Can add profile", "content_type": 7, "codename": "add_profile"}}, {"model": "auth.permission", "pk": 20, "fields": {"name": "Can change profile", "content_type": 7, "codename": "change_profile"}}, {"model": "auth.permission", "pk": 21, "fields": {"name": "Can delete profile", "content_type": 7, "codename": "delete_profile"}}, {"model": "auth.permission", "pk": 22, "fields": {"name": "Can add entry", "content_type": 8, "codename": "add_entry"}}, {"model": "auth.permission", "pk": 23, "fields": {"name": "Can change entry", "content_type": 8, "codename": "change_entry"}}, {"model": "auth.permission", "pk": 24, "fields": {"name": "Can delete entry", "content_type": 8, "codename": "delete_entry"}}, {"model": "auth.permission", "pk": 25, "fields": {"name": "Can add paper", "content_type": 9, "codename": "add_paper"}}, {"model": "auth.permission", "pk": 26, "fields": {"name": "Can change paper", "content_type": 9, "codename": "change_paper"}}, {"model": "auth.permission", "pk": 27, "fields": {"name": "Can delete paper", "content_type": 9, "codename": "delete_paper"}}, {"model": "auth.permission", "pk": 28, "fields": {"name": "Can add exam", "content_type": 10, "codename": "add_exam"}}, {"model": "auth.permission", "pk": 29, "fields": {"name": "Can change exam", "content_type": 10, "codename": "change_exam"}}, {"model": "auth.permission", "pk": 30, "fields": {"name": "Can delete exam", "content_type": 10, "codename": "delete_exam"}}, {"model": "auth.permission", "pk": 31, "fields": {"name": "Can add exam record", "content_type": 11, "codename": "add_examrecord"}}, {"model": "auth.permission", "pk": 32, "fields": {"name": "Can change exam record", "content_type": 11, "codename": "change_examrecord"}}, {"model": "auth.permission", "pk": 33, "fields": {"name": "Can delete exam record", "content_type": 11, "codename": "delete_examrecord"}}, {"model": "auth.permission", "pk": 34, "fields": {"name": "Can add entry option", "content_type": 12, "codename": "add_entryoption"}}, {"model": "auth.permission", "pk": 35, "fields": {"name": "Can change entry option", "content_type": 12, "codename": "change_entryoption"}}, {"model": "auth.permission", "pk": 36, "fields": {"name": "Can delete entry option", "content_type": 12, "codename": "delete_entryoption"}}, {"model": "auth.user", "pk": 1, "fields": {"password": "pbkdf2_sha256$24000$BQxPNeiUxvzN$XXl4ocTXWgSXs57S2uPdWBjtOt/8vpKuLLv8GlWwrlA=", "last_login": "2017-11-21T14:36:40.296Z", "is_superuser": true, "username": "jacky", "first_name": "", "last_name": "", "email": "a@b.cn", "is_staff": true, "is_active": true, "date_joined": "2017-08-30T11:28:09.402Z", "groups": [], "user_permissions": []}}, {"model": "admin.logentry", "pk": 1, "fields": {"action_time": "2017-09-02T03:08:43.325Z", "user": 1, "content_type": 8, "object_id": "1", "object_repr": "Scrum\u7b49\u4e8e\u654f\u6377\uff1f", "action_flag": 1, "change_message": "Added."}}, {"model": "admin.logentry", "pk": 2, "fields": {"action_time": "2017-09-02T03:20:16.715Z", "user": 1, "content_type": 8, "object_id": "2", "object_repr": "[M]\u4e09\u5927\u89d2\u8272\u5305\u62ec\uff1f", "action_flag": 1, "change_message": "Added."}}, {"model": "admin.logentry", "pk": 3, "fields": {"action_time": "2017-09-02T03:20:32.725Z", "user": 1, "content_type": 9, "object_id": "1", "object_repr": "Scrum Foundation", "action_flag": 1, "change_message": "Added."}}, {"model": "admin.logentry", "pk": 4, "fields": {"action_time": "2017-09-02T03:21:04.515Z", "user": 1, "content_type": 10, "object_id": "1", "object_repr": "CSM pre-class", "action_flag": 1, "change_message": "Added."}}, {"model": "admin.logentry", "pk": 5, "fields": {"action_time": "2017-09-20T01:35:34.671Z", "user": 1, "content_type": 10, "object_id": "1", "object_repr": "CSM pre-class", "action_flag": 2, "change_message": "Added exam record \"jacky scored  on CSM pre-class\"."}}, {"model": "admin.logentry", "pk": 6, "fields": {"action_time": "2017-09-20T01:57:07.582Z", "user": 1, "content_type": 8, "object_id": "2", "object_repr": "[M]\u4e09\u5927\u89d2\u8272\u5305\u62ec\uff1f", "action_flag": 2, "change_message": "Added entry option \"[SM] for Exam [M]\u4e09\u5927\u89d2\u8272\u5305\u62ec\uff1f\". Added entry option \"[PO] for Exam [M]\u4e09\u5927\u89d2\u8272\u5305\u62ec\uff1f\". Added entry option \"[DT] for Exam [M]\u4e09\u5927\u89d2\u8272\u5305\u62ec\uff1f\". Added entry option \"[manager] for Exam [M]\u4e09\u5927\u89d2\u8272\u5305\u62ec\uff1f\"."}}, {"model": "admin.logentry", "pk": 7, "fields": {"action_time": "2017-09-20T01:57:13.782Z", "user": 1, "content_type": 8, "object_id": "1", "object_repr": "[S]Scrum\u7b49\u4e8e\u654f\u6377\uff1f", "action_flag": 2, "change_message": "Added entry option \"[YES] for Exam [S]Scrum\u7b49\u4e8e\u654f\u6377\uff1f\". Added entry option \"[NO] for Exam [S]Scrum\u7b49\u4e8e\u654f\u6377\uff1f\"."}}, {"model": "admin.logentry", "pk": 8, "fields": {"action_time": "2017-09-20T02:09:22.802Z", "user": 1, "content_type": 8, "object_id": "2", "object_repr": "[M]\u4e09\u5927\u89d2\u8272\u5305\u62ec\uff1f", "action_flag": 2, "change_message": "Changed desc."}}, {"model": "admin.logentry", "pk": 9, "fields": {"action_time": "2017-09-20T02:09:44.831Z", "user": 1, "content_type": 8, "object_id": "1", "object_repr": "[S]Scrum\u7b49\u4e8e\u654f\u6377\uff1f", "action_flag": 2, "change_message": "Changed desc."}}, {"model": "admin.logentry", "pk": 10, "fields": {"action_time": "2017-09-20T07:46:40.523Z", "user": 1, "content_type": 11, "object_id": "1", "object_repr": "tom scored 0 on CSM pre-class", "action_flag": 2, "change_message": "Changed name and score."}}, {"model": "admin.logentry", "pk": 11, "fields": {"action_time": "2017-09-20T07:59:09.300Z", "user": 1, "content_type": 10, "object_id": "1", "object_repr": "CSM pre-class", "action_flag": 2, "change_message": "Changed desc."}}, {"model": "admin.logentry", "pk": 12, "fields": {"action_time": "2017-09-22T15:42:30.085Z", "user": 1, "content_type": 8, "object_id": "3", "object_repr": "[S]\u8d44\u4ea7\u5305\u62ec\u71c3\u5c3d\u56fe\uff1f", "action_flag": 1, "change_message": "Added. Added entry option \"[YES] for Exam [S]\u8d44\u4ea7\u5305\u62ec\u71c3\u5c3d\u56fe\uff1f\". Added entry option \"[NO] for Exam [S]\u8d44\u4ea7\u5305\u62ec\u71c3\u5c3d\u56fe\uff1f\"."}}, {"model": "admin.logentry", "pk": 13, "fields": {"action_time": "2017-09-22T15:42:39.641Z", "user": 1, "content_type": 9, "object_id": "1", "object_repr": "Scrum Foundation", "action_flag": 2, "change_message": "Changed entry."}}, {"model": "admin.logentry", "pk": 14, "fields": {"action_time": "2017-09-22T15:42:49.142Z", "user": 1, "content_type": 9, "object_id": "1", "object_repr": "Scrum Foundation", "action_flag": 2, "change_message": "Changed entry."}}, {"model": "admin.logentry", "pk": 15, "fields": {"action_time": "2017-09-22T15:43:03.400Z", "user": 1, "content_type": 9, "object_id": "1", "object_repr": "Scrum Foundation", "action_flag": 2, "change_message": "Changed entry."}}, {"model": "admin.logentry", "pk": 16, "fields": {"action_time": "2017-09-22T15:52:41.399Z", "user": 1, "content_type": 8, "object_id": "3", "object_repr": "[S]\u8d44\u4ea7\u5305\u62ec\u71c3\u5c3d\u56fe\uff1f", "action_flag": 2, "change_message": "Added entry option \"[\u4e0d\u4e00\u5b9a] for Exam [S]\u8d44\u4ea7\u5305\u62ec\u71c3\u5c3d\u56fe\uff1f\"."}}, {"model": "admin.logentry", "pk": 17, "fields": {"action_time": "2017-09-25T14:44:50.942Z", "user": 1, "content_type": 8, "object_id": "3", "object_repr": "[S]\u8d44\u4ea7\u5305\u62ec\u71c3\u5c3d\u56fe\uff1f", "action_flag": 2, "change_message": "Changed answer."}}, {"model": "admin.logentry", "pk": 18, "fields": {"action_time": "2017-09-25T14:45:04.138Z", "user": 1, "content_type": 11, "object_id": "18", "object_repr": " scored  on CSM pre-class", "action_flag": 3, "change_message": ""}}, {"model": "admin.logentry", "pk": 19, "fields": {"action_time": "2017-09-25T14:45:04.142Z", "user": 1, "content_type": 11, "object_id": "17", "object_repr": " scored 100 on CSM pre-class", "action_flag": 3, "change_message": ""}}, {"model": "admin.logentry", "pk": 20, "fields": {"action_time": "2017-09-25T14:45:04.144Z", "user": 1, "content_type": 11, "object_id": "16", "object_repr": " scored  on CSM pre-class", "action_flag": 3, "change_message": ""}}, {"model": "admin.logentry", "pk": 21, "fields": {"action_time": "2017-09-25T14:45:04.146Z", "user": 1, "content_type": 11, "object_id": "15", "object_repr": " scored 66 on CSM pre-class", "action_flag": 3, "change_message": ""}}, {"model": "admin.logentry", "pk": 22, "fields": {"action_time": "2017-09-25T14:45:04.147Z", "user": 1, "content_type": 11, "object_id": "14", "object_repr": " scored 0 on CSM pre-class", "action_flag": 3, "change_message": ""}}, {"model": "admin.logentry", "pk": 23, "fields": {"action_time": "2017-09-25T14:45:04.149Z", "user": 1, "content_type": 11, "object_id": "13", "object_repr": "up scored 3 on CSM pre-class", "action_flag": 3, "change_message": ""}}, {"model": "admin.logentry", "pk": 24, "fields": {"action_time": "2017-09-25T14:45:04.150Z", "user": 1, "content_type": 11, "object_id": "12", "object_repr": " scored 100 on CSM pre-class", "action_flag": 3, "change_message": ""}}, {"model": "admin.logentry", "pk": 25, "fields": {"action_time": "2017-09-25T14:45:04.152Z", "user": 1, "content_type": 11, "object_id": "11", "object_repr": "up scored 100 on CSM pre-class", "action_flag": 3, "change_message": ""}}, {"model": "admin.logentry", "pk": 26, "fields": {"action_time": "2017-09-25T14:45:04.154Z", "user": 1, "content_type": 11, "object_id": "10", "object_repr": " scored  on CSM pre-class", "action_flag": 3, "change_message": ""}}, {"model": "admin.logentry", "pk": 27, "fields": {"action_time": "2017-09-25T14:45:04.155Z", "user": 1, "content_type": 11, "object_id": "9", "object_repr": " scored  on CSM pre-class", "action_flag": 3, "change_message": ""}}, {"model": "admin.logentry", "pk": 28, "fields": {"action_time": "2017-09-25T14:45:04.157Z", "user": 1, "content_type": 11, "object_id": "8", "object_repr": "up scored  on CSM pre-class", "action_flag": 3, "change_message": ""}}, {"model": "admin.logentry", "pk": 29, "fields": {"action_time": "2017-09-25T14:45:04.158Z", "user": 1, "content_type": 11, "object_id": "7", "object_repr": " scored  on CSM pre-class", "action_flag": 3, "change_message": ""}}, {"model": "admin.logentry", "pk": 30, "fields": {"action_time": "2017-09-25T14:45:04.160Z", "user": 1, "content_type": 11, "object_id": "6", "object_repr": " scored  on CSM pre-class", "action_flag": 3, "change_message": ""}}, {"model": "admin.logentry", "pk": 31, "fields": {"action_time": "2017-09-25T14:45:04.162Z", "user": 1, "content_type": 11, "object_id": "5", "object_repr": " scored  on CSM pre-class", "action_flag": 3, "change_message": ""}}, {"model": "admin.logentry", "pk": 32, "fields": {"action_time": "2017-09-25T14:45:04.163Z", "user": 1, "content_type": 11, "object_id": "4", "object_repr": " scored  on CSM pre-class", "action_flag": 3, "change_message": ""}}, {"model": "admin.logentry", "pk": 33, "fields": {"action_time": "2017-09-25T14:45:04.165Z", "user": 1, "content_type": 11, "object_id": "3", "object_repr": " scored  on CSM pre-class", "action_flag": 3, "change_message": ""}}, {"model": "admin.logentry", "pk": 34, "fields": {"action_time": "2017-09-25T14:45:04.166Z", "user": 1, "content_type": 11, "object_id": "2", "object_repr": " scored  on ", "action_flag": 3, "change_message": ""}}, {"model": "admin.logentry", "pk": 35, "fields": {"action_time": "2017-09-25T14:45:04.168Z", "user": 1, "content_type": 11, "object_id": "1", "object_repr": "tom scored 0 on CSM pre-class", "action_flag": 3, "change_message": ""}}, {"model": "admin.logentry", "pk": 36, "fields": {"action_time": "2017-09-25T16:21:20.589Z", "user": 1, "content_type": 8, "object_id": "1", "object_repr": "[S]Scrum\u7b49\u4e8e\u654f\u6377\uff1f", "action_flag": 2, "change_message": "Changed tips."}}, {"model": "admin.logentry", "pk": 37, "fields": {"action_time": "2017-09-25T16:21:29.042Z", "user": 1, "content_type": 8, "object_id": "2", "object_repr": "[M]\u4e09\u5927\u89d2\u8272\u5305\u62ec\uff1f", "action_flag": 2, "change_message": "Changed tips."}}, {"model": "admin.logentry", "pk": 38, "fields": {"action_time": "2017-09-25T16:21:33.327Z", "user": 1, "content_type": 8, "object_id": "3", "object_repr": "[S]\u8d44\u4ea7\u5305\u62ec\u71c3\u5c3d\u56fe\uff1f", "action_flag": 2, "change_message": "No fields changed."}}, {"model": "admin.logentry", "pk": 39, "fields": {"action_time": "2017-11-21T14:39:44.815Z", "user": 1, "content_type": 8, "object_id": "4", "object_repr": "[S]\u4ec0\u4e48\u662fSprint?", "action_flag": 1, "change_message": "Added. Added entry option \"[\u6781\u9650\u7f16\u7a0b\u65b9\u6cd5\u8bba\u4e2d\u7684\u4e00\u4e2a\u8fed\u4ee3] for Exam [S]\u4ec0\u4e48\u662fSprint?\". Added entry option \"[\u56fa\u5b9a\u957f\u5ea6\u7684\u65f6\u95f4\u76d2\uff0c\u5305\u542b\u6240\u6709\u9700\u8981\u7684\u5de5\u4f5c] for Exam [S]\u4ec0\u4e48\u662fSprint?\". Added entry option \"[Scrum\u9879\u76ee\u4e2d\u7528\u5c3d\u4e00\u5207\u624b\u6bb5\u5b8c\u6210\u91cc\u7a0b\u7891] for Exam [S]\u4ec0\u4e48\u662fSprint?\". Added entry option \"[\u4e24\u4e2a\u5f00\u53d1\u8005\u4e4b\u95f4\u7684\u901f\u5ea6\u7ade\u4e89] for Exam [S]\u4ec0\u4e48\u662fSprint?\"."}}, {"model": "admin.logentry", "pk": 40, "fields": {"action_time": "2017-11-21T14:42:31.729Z", "user": 1, "content_type": 8, "object_id": "5", "object_repr": "[M]\u54ea\u4e9b\u4e0d\u662f\u6bcf\u65e5Scrum\u7ad9\u4f1a\u4e0a\u8981\u56de\u7b54\u7684\u95ee\u9898\uff1f", "action_flag": 1, "change_message": "Added. Added entry option \"[\u89e3\u51b3\u969c\u788d\u7684\u89e3\u51b3\u65b9\u6848\u662f\u4ec0\u4e48\uff1f] for Exam [M]\u54ea\u4e9b\u4e0d\u662f\u6bcf\u65e5Scrum\u7ad9\u4f1a\u4e0a\u8981\u56de\u7b54\u7684\u95ee\u9898\uff1f\". Added entry option \"[\u4e0b\u4e00\u4e2a\u4efb\u52a1ScrumMaster\u8981\u5206\u914d\u7ed9\u8c01\uff1f] for Exam [M]\u54ea\u4e9b\u4e0d\u662f\u6bcf\u65e5Scrum\u7ad9\u4f1a\u4e0a\u8981\u56de\u7b54\u7684\u95ee\u9898\uff1f\". Added entry option \"[\u6628\u5929\u5b8c\u6210\u4e86\u4ec0\u4e48\uff1f] for Exam [M]\u54ea\u4e9b\u4e0d\u662f\u6bcf\u65e5Scrum\u7ad9\u4f1a\u4e0a\u8981\u56de\u7b54\u7684\u95ee\u9898\uff1f\". Added entry option \"[\u6211\u9047\u5230\u4ec0\u4e48\u969c\u788d\u4f1a\u5f71\u54cd\u8fbe\u6210Sprint\u76ee\u6807\uff1f] for Exam [M]\u54ea\u4e9b\u4e0d\u662f\u6bcf\u65e5Scrum\u7ad9\u4f1a\u4e0a\u8981\u56de\u7b54\u7684\u95ee\u9898\uff1f\"."}}, {"model": "admin.logentry", "pk": 41, "fields": {"action_time": "2017-11-21T14:44:36.904Z", "user": 1, "content_type": 8, "object_id": "6", "object_repr": "[S]\u4e0b\u5217\u54ea\u4e2a\u6700\u7b26\u5408Product Backlog\u7684\u5b9a\u4e49\uff1f", "action_flag": 1, "change_message": "Added. Added entry option \"[\u9879\u76ee\u9700\u6c42\u8ba1\u5212] for Exam [S]\u4e0b\u5217\u54ea\u4e2a\u6700\u7b26\u5408Product Backlog\u7684\u5b9a\u4e49\uff1f\". Added entry option \"[\u4e00\u4efd\u52a8\u6001\u7684\u5217\u8868] for Exam [S]\u4e0b\u5217\u54ea\u4e2a\u6700\u7b26\u5408Product Backlog\u7684\u5b9a\u4e49\uff1f\". Added entry option \"[\u8fed\u4ee3\u7684\u5de5\u4f5c\u96c6\u5408] for Exam [S]\u4e0b\u5217\u54ea\u4e2a\u6700\u7b26\u5408Product Backlog\u7684\u5b9a\u4e49\uff1f\"."}}, {"model": "admin.logentry", "pk": 42, "fields": {"action_time": "2017-11-21T14:46:03.151Z", "user": 1, "content_type": 8, "object_id": "7", "object_repr": "[M]\u7ecf\u9a8c\u8fc7\u7a0b(Empirical Process)\u7684\u4e09\u5927\u652f\u67f1\u5305\u62ec\uff1f", "action_flag": 1, "change_message": "Added. Added entry option \"[\u68c0\u89c6] for Exam [M]\u7ecf\u9a8c\u8fc7\u7a0b(Empirical Process)\u7684\u4e09\u5927\u652f\u67f1\u5305\u62ec\uff1f\". Added entry option \"[\u8bbe\u8ba1] for Exam [M]\u7ecf\u9a8c\u8fc7\u7a0b(Empirical Process)\u7684\u4e09\u5927\u652f\u67f1\u5305\u62ec\uff1f\". Added entry option \"[\u900f\u660e] for Exam [M]\u7ecf\u9a8c\u8fc7\u7a0b(Empirical Process)\u7684\u4e09\u5927\u652f\u67f1\u5305\u62ec\uff1f\". Added entry option \"[\u8c03\u6574] for Exam [M]\u7ecf\u9a8c\u8fc7\u7a0b(Empirical Process)\u7684\u4e09\u5927\u652f\u67f1\u5305\u62ec\uff1f\"."}}, {"model": "admin.logentry", "pk": 43, "fields": {"action_time": "2017-11-21T14:47:43.024Z", "user": 1, "content_type": 8, "object_id": "8", "object_repr": "[S]Scrum Team\u662f\u6307\uff1f", "action_flag": 1, "change_message": "Added. Added entry option \"[\u5f00\u53d1\u56e2\u961f] for Exam [S]Scrum Team\u662f\u6307\uff1f\". Added entry option \"[PO\u3001SM\u548cDevelopment Team] for Exam [S]Scrum Team\u662f\u6307\uff1f\". Added entry option \"[Development Team] for Exam [S]Scrum Team\u662f\u6307\uff1f\". Added entry option \"[\u654f\u6377\u6559\u7ec3\u56e2\u961f] for Exam [S]Scrum Team\u662f\u6307\uff1f\"."}}, {"model": "admin.logentry", "pk": 44, "fields": {"action_time": "2017-11-21T14:50:35.585Z", "user": 1, "content_type": 8, "object_id": "9", "object_repr": "[S]Scrum\u56e2\u961f\u5bf9\u67d0\u9879\u5de5\u4f5c\u80fd\u5426\u4ea4\u4ed8\u7684\u4e00\u81f4\u7406\u89e3\u662f\u901a\u8fc7\u4ec0\u4e48\u6765\u4f53\u73b0\u7684\uff1f", "action_flag": 1, "change_message": "Added. Added entry option \"[\u71c3\u5c3d\u56fe] for Exam [S]Scrum\u56e2\u961f\u5bf9\u67d0\u9879\u5de5\u4f5c\u80fd\u5426\u4ea4\u4ed8\u7684\u4e00\u81f4\u7406\u89e3\u662f\u901a\u8fc7\u4ec0\u4e48\u6765\u4f53\u73b0\u7684\uff1f\". Added entry option \"[\u5b8c\u6210\u7684\u5b9a\u4e49] for Exam [S]Scrum\u56e2\u961f\u5bf9\u67d0\u9879\u5de5\u4f5c\u80fd\u5426\u4ea4\u4ed8\u7684\u4e00\u81f4\u7406\u89e3\u662f\u901a\u8fc7\u4ec0\u4e48\u6765\u4f53\u73b0\u7684\uff1f\". Added entry option \"[Sprint Backlog] for Exam [S]Scrum\u56e2\u961f\u5bf9\u67d0\u9879\u5de5\u4f5c\u80fd\u5426\u4ea4\u4ed8\u7684\u4e00\u81f4\u7406\u89e3\u662f\u901a\u8fc7\u4ec0\u4e48\u6765\u4f53\u73b0\u7684\uff1f\". Added entry option \"[\u7528\u6237\u6545\u4e8b] for Exam [S]Scrum\u56e2\u961f\u5bf9\u67d0\u9879\u5de5\u4f5c\u80fd\u5426\u4ea4\u4ed8\u7684\u4e00\u81f4\u7406\u89e3\u662f\u901a\u8fc7\u4ec0\u4e48\u6765\u4f53\u73b0\u7684\uff1f\"."}}, {"model": "admin.logentry", "pk": 45, "fields": {"action_time": "2017-11-21T14:52:45.433Z", "user": 1, "content_type": 8, "object_id": "10", "object_repr": "[S]\u4e34\u8fd1Sprint\u7ed3\u675f\u65f6\uff0c\u5927\u5bb6\u53d1\u73b0\u5de5\u4f5c\u4e0d\u80fd\u5168\u90e8\u5b8c\u6210\uff0c\u90a3\u4e48\u5e94\u8be5\u600e\u4e48\u505a\uff1f", "action_flag": 1, "change_message": "Added. Added entry option \"[\u52a0\u4eba\u624b\u540c\u65f6\u52a0\u73ed] for Exam [S]\u4e34\u8fd1Sprint\u7ed3\u675f\u65f6\uff0c\u5927\u5bb6\u53d1\u73b0\u5de5\u4f5c\u4e0d\u80fd\u5168\u90e8\u5b8c\u6210\uff0c\u90a3\u4e48\u5e94\u8be5\u600e\u4e48\u505a\uff1f\". Added entry option \"[\u5ef6\u957fSprint\u65f6\u95f4\u76f4\u5230\u5b8c\u6210\u4efb\u52a1] for Exam [S]\u4e34\u8fd1Sprint\u7ed3\u675f\u65f6\uff0c\u5927\u5bb6\u53d1\u73b0\u5de5\u4f5c\u4e0d\u80fd\u5168\u90e8\u5b8c\u6210\uff0c\u90a3\u4e48\u5e94\u8be5\u600e\u4e48\u505a\uff1f\". Added entry option \"[Sprint\u6309\u65f6\u7ed3\u675f\uff0c\u4e0b\u4e00\u4e2aSprint\u7ee7\u7eed\u8ba1\u5212\u5269\u4f59\u4efb\u52a1] for Exam [S]\u4e34\u8fd1Sprint\u7ed3\u675f\u65f6\uff0c\u5927\u5bb6\u53d1\u73b0\u5de5\u4f5c\u4e0d\u80fd\u5168\u90e8\u5b8c\u6210\uff0c\u90a3\u4e48\u5e94\u8be5\u600e\u4e48\u505a\uff1f\". Added entry option \"[\u4e0b\u4e00\u4e2aSprint\u6309\u65f6\u5f00\u59cb\uff0c\u5f53\u524dSprint\u4e5f\u8981\u7ee7\u7eed\u5b8c\u6210] for Exam [S]\u4e34\u8fd1Sprint\u7ed3\u675f\u65f6\uff0c\u5927\u5bb6\u53d1\u73b0\u5de5\u4f5c\u4e0d\u80fd\u5168\u90e8\u5b8c\u6210\uff0c\u90a3\u4e48\u5e94\u8be5\u600e\u4e48\u505a\uff1f\"."}}, {"model": "admin.logentry", "pk": 46, "fields": {"action_time": "2017-11-21T14:53:39.142Z", "user": 1, "content_type": 9, "object_id": "1", "object_repr": "Scrum Foundation", "action_flag": 2, "change_message": "Changed entry."}}, {"model": "admin.logentry", "pk": 47, "fields": {"action_time": "2017-11-22T02:04:45.845Z", "user": 1, "content_type": 8, "object_id": "11", "object_repr": "[S]\u4e0b\u5217\u54ea\u4e2a\u63cf\u8ff0\u66f4\u7b26\u5408Daily Scrum?", "action_flag": 1, "change_message": "Added. Added entry option \"[ScrumMaster\u5728Daily Scrum\u4e0a\u66f4\u65b0\u71c3\u5c3d\u56fe\u548c\u770b\u677f] for Exam [S]\u4e0b\u5217\u54ea\u4e2a\u63cf\u8ff0\u66f4\u7b26\u5408Daily Scrum?\". Added entry option \"[Development Team\u8ddf\u8e2a\u5b8c\u6210Sprint\u76ee\u6807\u7684\u5de5\u4f5c\u8fdb\u5c55] for Exam [S]\u4e0b\u5217\u54ea\u4e2a\u63cf\u8ff0\u66f4\u7b26\u5408Daily Scrum?\". Added entry option \"[Product Owner\u68c0\u67e5\u56e2\u961f\u7684\u8fdb\u5ea6] for Exam [S]\u4e0b\u5217\u54ea\u4e2a\u63cf\u8ff0\u66f4\u7b26\u5408Daily Scrum?\". Added entry option \"[Development Team\u5411Manager\u6c47\u62a5\u72b6\u6001] for Exam [S]\u4e0b\u5217\u54ea\u4e2a\u63cf\u8ff0\u66f4\u7b26\u5408Daily Scrum?\"."}}, {"model": "admin.logentry", "pk": 48, "fields": {"action_time": "2017-11-22T02:07:14.978Z", "user": 1, "content_type": 8, "object_id": "12", "object_repr": "[S]Scrum\u662f\u57fa\u4e8e\u4e0b\u5217\u54ea\u79cd\u8fc7\u7a0b\uff1f", "action_flag": 1, "change_message": "Added. Added entry option \"[\u9636\u6bb5\u6027\u8fc7\u7a0b(Phased Process)] for Exam [S]Scrum\u662f\u57fa\u4e8e\u4e0b\u5217\u54ea\u79cd\u8fc7\u7a0b\uff1f\". Added entry option \"[\u9884\u5b9a\u4e49\u8fc7\u7a0b(Defined Process)] for Exam [S]Scrum\u662f\u57fa\u4e8e\u4e0b\u5217\u54ea\u79cd\u8fc7\u7a0b\uff1f\". Added entry option \"[\u7ecf\u9a8c\u8fc7\u7a0b(Empirical Process)] for Exam [S]Scrum\u662f\u57fa\u4e8e\u4e0b\u5217\u54ea\u79cd\u8fc7\u7a0b\uff1f\". Added entry option \"[\u53d7\u63a7\u8fc7\u7a0b(Monitored Process)] for Exam [S]Scrum\u662f\u57fa\u4e8e\u4e0b\u5217\u54ea\u79cd\u8fc7\u7a0b\uff1f\"."}}, {"model": "admin.logentry", "pk": 49, "fields": {"action_time": "2017-11-22T02:10:42.439Z", "user": 1, "content_type": 8, "object_id": "13", "object_repr": "[S]\u5de5\u4f5c\u4e8e\u540c\u4e00\u4ea7\u54c1\u7684\u591a\u4e2aScrum\u56e2\u961f\u5e94\u8be5\u5982\u4f55\u5b9a\u4e49\u201c\u5b8c\u6210\"?", "action_flag": 1, "change_message": "Added. Added entry option \"[\u6240\u6709Scrum Team\u5171\u4eab\u7edf\u4e00\u7684Definition of Done] for Exam [S]\u5de5\u4f5c\u4e8e\u540c\u4e00\u4ea7\u54c1\u7684\u591a\u4e2aScrum\u56e2\u961f\u5e94\u8be5\u5982\u4f55\u5b9a\u4e49\u201c\u5b8c\u6210\"?\". Added entry option \"[\u6bcf\u4e2aScrum Team\u53ef\u4ee5\u81ea\u884c\u5b9a\u4e49\u72ec\u7279\u7684Definition of Done] for Exam [S]\u5de5\u4f5c\u4e8e\u540c\u4e00\u4ea7\u54c1\u7684\u591a\u4e2aScrum\u56e2\u961f\u5e94\u8be5\u5982\u4f55\u5b9a\u4e49\u201c\u5b8c\u6210\"?\". Added entry option \"[ScrumMaster\u8d1f\u8d23\u4fdd\u8bc1\u6bcf\u4e2a\u5de5\u4f5c\u9879\u505a\u5230\u5b8c\u6210] for Exam [S]\u5de5\u4f5c\u4e8e\u540c\u4e00\u4ea7\u54c1\u7684\u591a\u4e2aScrum\u56e2\u961f\u5e94\u8be5\u5982\u4f55\u5b9a\u4e49\u201c\u5b8c\u6210\"?\"."}}, {"model": "admin.logentry", "pk": 50, "fields": {"action_time": "2017-11-22T02:14:37.176Z", "user": 1, "content_type": 8, "object_id": "14", "object_repr": "[S]Scrum\u7684\u4ef7\u503c\u89c2\u662f\uff1f", "action_flag": 1, "change_message": "Added. Added entry option \"[\u4ea4\u6d41\u3001\u6734\u7d20\u3001\u53cd\u9988\u548c\u52c7\u6c14] for Exam [S]Scrum\u7684\u4ef7\u503c\u89c2\u662f\uff1f\". Added entry option \"[\u52c7\u6c14\u3001\u5f00\u653e\u3001\u4e13\u6ce8\u3001\u627f\u8bfa\u3001\u5c0a\u91cd] for Exam [S]Scrum\u7684\u4ef7\u503c\u89c2\u662f\uff1f\". Added entry option \"[\u201c\u4e2a\u4f53\u4e0e\u4e92\u52a8\u9ad8\u4e8e\u6d41\u7a0b\u548c\u5de5\u5177\u201d\u7b49\u56db\u53e5\u8bdd] for Exam [S]Scrum\u7684\u4ef7\u503c\u89c2\u662f\uff1f\". Added entry option \"[\u4e13\u6ce8\u3001\u5e73\u7b49\u3001\u534f\u4f5c\u3001\u4e3b\u52a8\u3001\u627f\u8bfa] for Exam [S]Scrum\u7684\u4ef7\u503c\u89c2\u662f\uff1f\"."}}, {"model": "admin.logentry", "pk": 51, "fields": {"action_time": "2017-11-22T02:17:01.604Z", "user": 1, "content_type": 8, "object_id": "15", "object_repr": "[M]\u54ea\u4e9b\u4eba\u53ef\u4ee5\u53c2\u52a0Sprint Review\uff1f", "action_flag": 1, "change_message": "Added. Added entry option \"[Product Owner] for Exam [M]\u54ea\u4e9b\u4eba\u53ef\u4ee5\u53c2\u52a0Sprint Review\uff1f\". Added entry option \"[Scrum Team] for Exam [M]\u54ea\u4e9b\u4eba\u53ef\u4ee5\u53c2\u52a0Sprint Review\uff1f\". Added entry option \"[Stakeholder] for Exam [M]\u54ea\u4e9b\u4eba\u53ef\u4ee5\u53c2\u52a0Sprint Review\uff1f\". Added entry option \"[Development Team] for Exam [M]\u54ea\u4e9b\u4eba\u53ef\u4ee5\u53c2\u52a0Sprint Review\uff1f\"."}}, {"model": "admin.logentry", "pk": 52, "fields": {"action_time": "2017-11-22T02:18:30.745Z", "user": 1, "content_type": 8, "object_id": "16", "object_repr": "[S]\u5728Scrum\u6846\u67b6\u4e2d\uff0c\u8c01\u8d1f\u8d23\u8ddf\u8e2a\u8fdb\u5ea6\u548c\u4fdd\u8bc1\u8d28\u91cf\uff1f", "action_flag": 1, "change_message": "Added. Added entry option \"[Development Team] for Exam [S]\u5728Scrum\u6846\u67b6\u4e2d\uff0c\u8c01\u8d1f\u8d23\u8ddf\u8e2a\u8fdb\u5ea6\u548c\u4fdd\u8bc1\u8d28\u91cf\uff1f\". Added entry option \"[Product Owner] for Exam [S]\u5728Scrum\u6846\u67b6\u4e2d\uff0c\u8c01\u8d1f\u8d23\u8ddf\u8e2a\u8fdb\u5ea6\u548c\u4fdd\u8bc1\u8d28\u91cf\uff1f\". Added entry option \"[Project Manager] for Exam [S]\u5728Scrum\u6846\u67b6\u4e2d\uff0c\u8c01\u8d1f\u8d23\u8ddf\u8e2a\u8fdb\u5ea6\u548c\u4fdd\u8bc1\u8d28\u91cf\uff1f\". Added entry option \"[ScrumMaster] for Exam [S]\u5728Scrum\u6846\u67b6\u4e2d\uff0c\u8c01\u8d1f\u8d23\u8ddf\u8e2a\u8fdb\u5ea6\u548c\u4fdd\u8bc1\u8d28\u91cf\uff1f\"."}}, {"model": "admin.logentry", "pk": 53, "fields": {"action_time": "2017-11-22T02:20:14.077Z", "user": 1, "content_type": 8, "object_id": "12", "object_repr": "[S]Scrum\u662f\u57fa\u4e8e\u4e0b\u5217\u54ea\u79cd\u8fc7\u7a0b\u8bba\uff1f", "action_flag": 2, "change_message": "Changed question. Changed desc for entry option \"[\u53d7\u63a7\u8fc7\u7a0b(Controlled Process)] for Exam [S]Scrum\u662f\u57fa\u4e8e\u4e0b\u5217\u54ea\u79cd\u8fc7\u7a0b\u8bba\uff1f\". Changed desc for entry option \"[\u535a\u5f08\u8fc7\u7a0b(Game Process)] for Exam [S]Scrum\u662f\u57fa\u4e8e\u4e0b\u5217\u54ea\u79cd\u8fc7\u7a0b\u8bba\uff1f\"."}}, {"model": "admin.logentry", "pk": 54, "fields": {"action_time": "2017-11-22T02:26:25.544Z", "user": 1, "content_type": 8, "object_id": "17", "object_repr": "[S]Sprint\u65f6\u95f4\u957f\u5ea6\u662f\u591a\u4e45\uff1f", "action_flag": 1, "change_message": "Added. Added entry option \"[\u5c11\u4e8e4\u5468] for Exam [S]Sprint\u65f6\u95f4\u957f\u5ea6\u662f\u591a\u4e45\uff1f\". Added entry option \"[2\u5468] for Exam [S]Sprint\u65f6\u95f4\u957f\u5ea6\u662f\u591a\u4e45\uff1f\". Added entry option \"[1\u5468] for Exam [S]Sprint\u65f6\u95f4\u957f\u5ea6\u662f\u591a\u4e45\uff1f\". Added entry option \"[\u8d8a\u77ed\u8d8a\u597d\uff0c\u505a\u5b8c\u5c31\u7ed3\u675f] for Exam [S]Sprint\u65f6\u95f4\u957f\u5ea6\u662f\u591a\u4e45\uff1f\"."}}, {"model": "admin.logentry", "pk": 55, "fields": {"action_time": "2017-11-22T02:27:56.248Z", "user": 1, "content_type": 8, "object_id": "18", "object_repr": "[S]Scrum\u7684\u5b9a\u4e49\u662f\uff1f", "action_flag": 1, "change_message": "Added. Added entry option \"[\u4e00\u79cd\u654f\u6377\u65b9\u6cd5\u8bba] for Exam [S]Scrum\u7684\u5b9a\u4e49\u662f\uff1f\". Added entry option \"[\u4e00\u4e2a\u7834\u89e3\u590d\u6742\u95ee\u9898\u7684\u6846\u67b6] for Exam [S]Scrum\u7684\u5b9a\u4e49\u662f\uff1f\". Added entry option \"[\u4e00\u79cd\u9879\u76ee\u7ba1\u7406\u624b\u6bb5] for Exam [S]Scrum\u7684\u5b9a\u4e49\u662f\uff1f\"."}}, {"model": "admin.logentry", "pk": 56, "fields": {"action_time": "2017-11-22T02:41:07.687Z", "user": 1, "content_type": 8, "object_id": "19", "object_repr": "[M]\u4e0b\u5217\u54ea\u4e9b\u4e0d\u662fScrum\u5b9a\u4e49\u7684\u4e8b\u4ef6\uff1f", "action_flag": 1, "change_message": "Added. Added entry option \"[Sprint Retrospective] for Exam [M]\u4e0b\u5217\u54ea\u4e9b\u4e0d\u662fScrum\u5b9a\u4e49\u7684\u4e8b\u4ef6\uff1f\". Added entry option \"[Daily Scrum] for Exam [M]\u4e0b\u5217\u54ea\u4e9b\u4e0d\u662fScrum\u5b9a\u4e49\u7684\u4e8b\u4ef6\uff1f\". Added entry option \"[Product Backlog Refinement] for Exam [M]\u4e0b\u5217\u54ea\u4e9b\u4e0d\u662fScrum\u5b9a\u4e49\u7684\u4e8b\u4ef6\uff1f\". Added entry option \"[Design Workshop] for Exam [M]\u4e0b\u5217\u54ea\u4e9b\u4e0d\u662fScrum\u5b9a\u4e49\u7684\u4e8b\u4ef6\uff1f\"."}}, {"model": "admin.logentry", "pk": 57, "fields": {"action_time": "2017-11-22T02:56:26.484Z", "user": 1, "content_type": 8, "object_id": "2", "object_repr": "[M]Scrum\u5b9a\u4e49\u4e86\u4e09\u5927\u89d2\u8272\u662f\uff1f", "action_flag": 2, "change_message": "Changed question. Changed desc for entry option \"[ScrumMaster] for Exam [M]Scrum\u5b9a\u4e49\u4e86\u4e09\u5927\u89d2\u8272\u662f\uff1f\". Changed desc for entry option \"[Product Owner] for Exam [M]Scrum\u5b9a\u4e49\u4e86\u4e09\u5927\u89d2\u8272\u662f\uff1f\". Changed desc for entry option \"[Development Team] for Exam [M]Scrum\u5b9a\u4e49\u4e86\u4e09\u5927\u89d2\u8272\u662f\uff1f\". Changed desc for entry option \"[Project Manager] for Exam [M]Scrum\u5b9a\u4e49\u4e86\u4e09\u5927\u89d2\u8272\u662f\uff1f\"."}}, {"model": "admin.logentry", "pk": 58, "fields": {"action_time": "2017-11-22T02:57:50.646Z", "user": 1, "content_type": 8, "object_id": "3", "object_repr": "[M]Scrum\u5de5\u4ef6\u4e2d\u5305\u62ec\u54ea\u4e9b\uff1f", "action_flag": 2, "change_message": "Changed question, answer and category. Added entry option \"[Product Backlog] for Exam [M]Scrum\u5de5\u4ef6\u4e2d\u5305\u62ec\u54ea\u4e9b\uff1f\". Changed desc for entry option \"[Sprint Backlog] for Exam [M]Scrum\u5de5\u4ef6\u4e2d\u5305\u62ec\u54ea\u4e9b\uff1f\". Changed desc for entry option \"[Increment] for Exam [M]Scrum\u5de5\u4ef6\u4e2d\u5305\u62ec\u54ea\u4e9b\uff1f\". Changed desc for entry option \"[Burndown Chart] for Exam [M]Scrum\u5de5\u4ef6\u4e2d\u5305\u62ec\u54ea\u4e9b\uff1f\"."}}, {"model": "admin.logentry", "pk": 59, "fields": {"action_time": "2017-11-22T02:58:09.507Z", "user": 1, "content_type": 8, "object_id": "1", "object_repr": "[S]Scrum\u7b49\u4e8e\u654f\u6377\u5417\uff1f", "action_flag": 2, "change_message": "Changed question. Added entry option \"[\u4e0d\u4e00\u5b9a] for Exam [S]Scrum\u7b49\u4e8e\u654f\u6377\u5417\uff1f\"."}}, {"model": "admin.logentry", "pk": 60, "fields": {"action_time": "2017-11-22T02:58:29.372Z", "user": 1, "content_type": 8, "object_id": "5", "object_repr": "[M]\u54ea\u4e9b\u4e0d\u662f\u6bcf\u65e5Scrum\u7ad9\u4f1a\u4e0a\u8981\u56de\u7b54\u7684\u95ee\u9898\uff1f", "action_flag": 2, "change_message": "Changed desc for entry option \"[\u89e3\u51b3\u67d0\u4e2a\u969c\u788d\u7684\u89e3\u51b3\u65b9\u6848\u662f\u4ec0\u4e48\uff1f] for Exam [M]\u54ea\u4e9b\u4e0d\u662f\u6bcf\u65e5Scrum\u7ad9\u4f1a\u4e0a\u8981\u56de\u7b54\u7684\u95ee\u9898\uff1f\". Changed desc for entry option \"[\u6628\u5929\u6211\u5b8c\u6210\u4e86\u4ec0\u4e48\uff1f] for Exam [M]\u54ea\u4e9b\u4e0d\u662f\u6bcf\u65e5Scrum\u7ad9\u4f1a\u4e0a\u8981\u56de\u7b54\u7684\u95ee\u9898\uff1f\"."}}, {"model": "admin.logentry", "pk": 61, "fields": {"action_time": "2017-11-22T03:02:12.647Z", "user": 1, "content_type": 8, "object_id": "20", "object_repr": "[M]\u5173\u4e8e\u65f6\u95f4\u76d2\uff0c\u54ea\u4e9b\u8bf4\u6cd5\u662f\u6b63\u786e\u7684\uff1f", "action_flag": 1, "change_message": "Added. Added entry option \"[Scrum\u4e2d\u5b9a\u4e49\u7684\u4e8b\u4ef6\u90fd\u662f\u57fa\u4e8e\u65f6\u95f4\u76d2\u7684] for Exam [M]\u5173\u4e8e\u65f6\u95f4\u76d2\uff0c\u54ea\u4e9b\u8bf4\u6cd5\u662f\u6b63\u786e\u7684\uff1f\". Added entry option \"[\u65f6\u95f4\u76d2\u53ef\u4ee5\u63d0\u524d\u7ed3\u675f] for Exam [M]\u5173\u4e8e\u65f6\u95f4\u76d2\uff0c\u54ea\u4e9b\u8bf4\u6cd5\u662f\u6b63\u786e\u7684\uff1f\". Added entry option \"[\u65f6\u95f4\u4e00\u5230\uff0c\u65f6\u95f4\u76d2\u5c31\u7acb\u5373\u7ed3\u675f] for Exam [M]\u5173\u4e8e\u65f6\u95f4\u76d2\uff0c\u54ea\u4e9b\u8bf4\u6cd5\u662f\u6b63\u786e\u7684\uff1f\". Added entry option \"[\u65f6\u95f4\u76d2\u6709\u52a9\u4e8e\u534f\u8c03\u8282\u594f\u548c\u63d0\u9ad8\u6548\u7387] for Exam [M]\u5173\u4e8e\u65f6\u95f4\u76d2\uff0c\u54ea\u4e9b\u8bf4\u6cd5\u662f\u6b63\u786e\u7684\uff1f\"."}}, {"model": "admin.logentry", "pk": 62, "fields": {"action_time": "2017-11-22T03:03:30.259Z", "user": 1, "content_type": 8, "object_id": "9", "object_repr": "[S]Scrum\u56e2\u961f\u5bf9\u67d0\u9879\u5de5\u4f5c\u80fd\u5426\u4ea4\u4ed8\u7684\u4e00\u81f4\u7406\u89e3\u662f\u901a\u8fc7\u4ec0\u4e48\u6765\u4f53\u73b0\u7684\uff1f", "action_flag": 2, "change_message": "Changed desc for entry option \"[\"\u5b8c\u6210\"\u7684\u5b9a\u4e49] for Exam [S]Scrum\u56e2\u961f\u5bf9\u67d0\u9879\u5de5\u4f5c\u80fd\u5426\u4ea4\u4ed8\u7684\u4e00\u81f4\u7406\u89e3\u662f\u901a\u8fc7\u4ec0\u4e48\u6765\u4f53\u73b0\u7684\uff1f\"."}}, {"model": "admin.logentry", "pk": 63, "fields": {"action_time": "2017-11-22T03:04:29.024Z", "user": 1, "content_type": 8, "object_id": "6", "object_repr": "[S]\u4e0b\u5217\u54ea\u4e2a\u6700\u7b26\u5408Product Backlog\u7684\u5b9a\u4e49\uff1f", "action_flag": 2, "change_message": "Added entry option \"[\u4ea7\u54c1\u7814\u53d1\u5408\u540c] for Exam [S]\u4e0b\u5217\u54ea\u4e2a\u6700\u7b26\u5408Product Backlog\u7684\u5b9a\u4e49\uff1f\". Changed desc for entry option \"[\u9879\u76ee\u9700\u6c42\u6587\u6863] for Exam [S]\u4e0b\u5217\u54ea\u4e2a\u6700\u7b26\u5408Product Backlog\u7684\u5b9a\u4e49\uff1f\". Changed desc for entry option \"[\u67d0\u4e2a\u8fed\u4ee3\u7684\u5de5\u4f5c\u96c6\u5408] for Exam [S]\u4e0b\u5217\u54ea\u4e2a\u6700\u7b26\u5408Product Backlog\u7684\u5b9a\u4e49\uff1f\"."}}, {"model": "admin.logentry", "pk": 64, "fields": {"action_time": "2017-11-22T03:04:46.152Z", "user": 1, "content_type": 8, "object_id": "4", "object_repr": "[S]\u54ea\u4e2a\u7b26\u5408Sprint\u7684\u63cf\u8ff0?", "action_flag": 2, "change_message": "Changed question."}}, {"model": "admin.logentry", "pk": 65, "fields": {"action_time": "2017-11-22T03:05:16.732Z", "user": 1, "content_type": 8, "object_id": "17", "object_repr": "[S]Sprint\u65f6\u95f4\u957f\u5ea6\u5b9a\u4e49\u662f\u591a\u4e45\uff1f", "action_flag": 2, "change_message": "Changed question."}}, {"model": "admin.logentry", "pk": 66, "fields": {"action_time": "2017-11-22T03:06:03.650Z", "user": 1, "content_type": 8, "object_id": "1", "object_repr": "[S]Scrum\u7b49\u4e8e\u654f\u6377\u5417\uff1f", "action_flag": 2, "change_message": "Changed tips and explanation."}}, {"model": "admin.logentry", "pk": 67, "fields": {"action_time": "2017-11-22T03:08:00.188Z", "user": 1, "content_type": 8, "object_id": "13", "object_repr": "[S]\u5de5\u4f5c\u4e8e\u540c\u4e00\u4ea7\u54c1\u7684\u591a\u4e2aScrum\u56e2\u961f\u5e94\u8be5\u5982\u4f55\u5b9a\u4e49\u201c\u5b8c\u6210\"?", "action_flag": 2, "change_message": "Changed desc for entry option \"[ScrumMaster\u4eec\u8d1f\u8d23\u4fdd\u8bc1\u6bcf\u4e2a\u5de5\u4f5c\u9879\u505a\u5230\u5b8c\u6210] for Exam [S]\u5de5\u4f5c\u4e8e\u540c\u4e00\u4ea7\u54c1\u7684\u591a\u4e2aScrum\u56e2\u961f\u5e94\u8be5\u5982\u4f55\u5b9a\u4e49\u201c\u5b8c\u6210\"?\"."}}, {"model": "admin.logentry", "pk": 68, "fields": {"action_time": "2017-11-22T03:09:17.838Z", "user": 1, "content_type": 8, "object_id": "18", "object_repr": "[S]\u4e0b\u5217\u54ea\u4e2a\u7b26\u5408Scrum\u7684\u5b9a\u4e49\uff1f", "action_flag": 2, "change_message": "Changed question and answer. Added entry option \"[\u6700\u77ed\u65f6\u95f4\u5185\u4ea4\u4ed8\u6700\u5927\u4ef7\u503c] for Exam [S]\u4e0b\u5217\u54ea\u4e2a\u7b26\u5408Scrum\u7684\u5b9a\u4e49\uff1f\"."}}, {"model": "admin.logentry", "pk": 69, "fields": {"action_time": "2017-11-22T03:13:48.998Z", "user": 1, "content_type": 9, "object_id": "1", "object_repr": "Scrum Foundation", "action_flag": 2, "change_message": "Changed entry."}}, {"model": "admin.logentry", "pk": 70, "fields": {"action_time": "2017-11-22T13:57:50.038Z", "user": 1, "content_type": 8, "object_id": "9", "object_repr": "[S]Scrum\u56e2\u961f\u5bf9\u67d0\u9879\u5de5\u4f5c\u80fd\u5426\u4ea4\u4ed8\u7684\u4e00\u81f4\u7406\u89e3\u662f\u901a\u8fc7\u4ec0\u4e48\u6765\u4f53\u73b0\u7684\uff1f", "action_flag": 2, "change_message": "Changed answer."}}, {"model": "admin.logentry", "pk": 71, "fields": {"action_time": "2017-11-22T14:00:00.444Z", "user": 1, "content_type": 8, "object_id": "17", "object_repr": "[S]Sprint\u65f6\u95f4\u957f\u5ea6\u5b9a\u4e49\u662f\u591a\u4e45\uff1f", "action_flag": 2, "change_message": "Changed desc for entry option \"[\u8d8a\u77ed\u8d8a\u597d\uff0c\u968f\u65f6\u7ed3\u675f] for Exam [S]Sprint\u65f6\u95f4\u957f\u5ea6\u5b9a\u4e49\u662f\u591a\u4e45\uff1f\"."}}, {"model": "admin.logentry", "pk": 72, "fields": {"action_time": "2017-11-22T14:00:27.147Z", "user": 1, "content_type": 8, "object_id": "18", "object_repr": "[M]\u4e0b\u5217\u54ea\u4e2a\u7b26\u5408Scrum\u7684\u5b9a\u4e49\uff1f", "action_flag": 2, "change_message": "Changed category."}}, {"model": "admin.logentry", "pk": 73, "fields": {"action_time": "2017-11-23T01:23:28.578Z", "user": 1, "content_type": 8, "object_id": "7", "object_repr": "[M]\u5b9e\u9a8c\u6027\u8fc7\u7a0b(Empirical Process)\u7684\u4e09\u5927\u652f\u67f1\u5305\u62ec\uff1f", "action_flag": 2, "change_message": "Changed question."}}, {"model": "admin.logentry", "pk": 74, "fields": {"action_time": "2017-11-23T01:23:38.251Z", "user": 1, "content_type": 8, "object_id": "12", "object_repr": "[S]Scrum\u662f\u57fa\u4e8e\u4e0b\u5217\u54ea\u79cd\u8fc7\u7a0b\u8bba\uff1f", "action_flag": 2, "change_message": "Changed desc for entry option \"[\u5b9e\u9a8c\u6027\u8fc7\u7a0b(Empirical Process)] for Exam [S]Scrum\u662f\u57fa\u4e8e\u4e0b\u5217\u54ea\u79cd\u8fc7\u7a0b\u8bba\uff1f\"."}}, {"model": "admin.logentry", "pk": 75, "fields": {"action_time": "2017-11-23T01:29:25.156Z", "user": 1, "content_type": 8, "object_id": "3", "object_repr": "[M]Scrum\u7684\u5de5\u4ef6\u5305\u62ec\u54ea\u4e9b\uff1f", "action_flag": 2, "change_message": "Changed question."}}, {"model": "admin.logentry", "pk": 76, "fields": {"action_time": "2017-11-23T11:18:37.564Z", "user": 1, "content_type": 8, "object_id": "4", "object_repr": "[S]\u54ea\u4e2a\u7b26\u5408Sprint\u7684\u63cf\u8ff0?", "action_flag": 2, "change_message": "Changed desc for entry option \"[\u6781\u9650\u7f16\u7a0b\u65b9\u6cd5\u8bba\u4e2d\u5b9a\u4e49\u7684\u4e00\u4e2a\u8fed\u4ee3] for Exam [S]\u54ea\u4e2a\u7b26\u5408Sprint\u7684\u63cf\u8ff0?\". Changed desc for entry option \"[\u4e00\u4e2a\u56fa\u5b9a\u957f\u5ea6\u7684\u65f6\u95f4\u76d2\uff0c\u5305\u542b\u6240\u6709\u9700\u8981\u5b8c\u6210\u7684\u5de5\u4f5c] for Exam [S]\u54ea\u4e2a\u7b26\u5408Sprint\u7684\u63cf\u8ff0?\". Changed desc for entry option \"[Scrum\u9879\u76ee\u4e2d\u7528\u5c3d\u4e00\u5207\u624b\u6bb5\u8fbe\u81f4\u91cc\u7a0b\u7891] for Exam [S]\u54ea\u4e2a\u7b26\u5408Sprint\u7684\u63cf\u8ff0?\"."}}, {"model": "admin.logentry", "pk": 77, "fields": {"action_time": "2017-11-23T11:22:29.553Z", "user": 1, "content_type": 8, "object_id": "14", "object_repr": "[S]Scrum\u6846\u67b6\u6240\u5b9a\u4e49\u7684\u4ef7\u503c\u89c2\u662f\uff1f", "action_flag": 2, "change_message": "Changed question."}}, {"model": "admin.logentry", "pk": 78, "fields": {"action_time": "2017-11-23T11:24:44.586Z", "user": 1, "content_type": 8, "object_id": "16", "object_repr": "[S]\u5728Sprint\u8fc7\u7a0b\u4e2d\uff0c\u8c01\u8d1f\u8d23\u8ddf\u8e2a\u8fdb\u5ea6\u548c\u4fdd\u8bc1\u8d28\u91cf\uff1f", "action_flag": 2, "change_message": "Changed question."}}, {"model": "admin.logentry", "pk": 79, "fields": {"action_time": "2017-11-23T11:28:11.653Z", "user": 1, "content_type": 8, "object_id": "18", "object_repr": "[M]\u4e0b\u5217\u54ea\u4e2a\u7b26\u5408Scrum\u7684\u5b9a\u4e49\uff1f", "action_flag": 2, "change_message": "Changed desc for entry option \"[\u4e00\u79cd\u4e8b\u65e0\u5de8\u7ec6\u7684\u654f\u6377\u65b9\u6cd5\u8bba] for Exam [M]\u4e0b\u5217\u54ea\u4e2a\u7b26\u5408Scrum\u7684\u5b9a\u4e49\uff1f\". Changed desc for entry option \"[\u4e00\u79cd\u9884\u5b9a\u4e49\u7684\u9879\u76ee\u7ba1\u7406\u624b\u6bb5] for Exam [M]\u4e0b\u5217\u54ea\u4e2a\u7b26\u5408Scrum\u7684\u5b9a\u4e49\uff1f\"."}}, {"model": "admin.logentry", "pk": 80, "fields": {"action_time": "2018-02-21T13:35:19.459Z", "user": 1, "content_type": 9, "object_id": "1", "object_repr": "Scrum Foundation Chinese", "action_flag": 2, "change_message": "\u5df2\u4fee\u6539 name \u3002"}}, {"model": "admin.logentry", "pk": 81, "fields": {"action_time": "2018-02-21T13:35:25.137Z", "user": 1, "content_type": 9, "object_id": "1", "object_repr": "Scrum Foundation Chinese", "action_flag": 2, "change_message": "\u6ca1\u6709\u5b57\u6bb5\u88ab\u4fee\u6539\u3002"}}, {"model": "admin.logentry", "pk": 82, "fields": {"action_time": "2018-02-21T13:36:04.942Z", "user": 1, "content_type": 9, "object_id": "2", "object_repr": "Scrum Foundation English", "action_flag": 1, "change_message": "Added."}}, {"model": "admin.logentry", "pk": 83, "fields": {"action_time": "2018-02-21T13:36:28.500Z", "user": 1, "content_type": 9, "object_id": "2", "object_repr": "Scrum Foundation English", "action_flag": 2, "change_message": "\u6ca1\u6709\u5b57\u6bb5\u88ab\u4fee\u6539\u3002"}}, {"model": "admin.logentry", "pk": 84, "fields": {"action_time": "2018-02-21T13:36:52.771Z", "user": 1, "content_type": 9, "object_id": "1", "object_repr": "Scrum Foundation Chinese", "action_flag": 2, "change_message": "\u6ca1\u6709\u5b57\u6bb5\u88ab\u4fee\u6539\u3002"}}, {"model": "admin.logentry", "pk": 85, "fields": {"action_time": "2018-02-21T14:19:32.352Z", "user": 1, "content_type": 8, "object_id": "21", "object_repr": "[S]Is Scrum equal to Agile?", "action_flag": 2, "change_message": "\u5df2\u4fee\u6539 question \u548c explanation \u3002 \u5df2\u6dfb\u52a0 entry option \"[Yes] for Exam [S]Is Scrum equal to Agile?\". \u5df2\u6dfb\u52a0 entry option \"[No] for Exam [S]Is Scrum equal to Agile?\". \u5df2\u6dfb\u52a0 entry option \"[Somehow] for Exam [S]Is Scrum equal to Agile?\"."}}, {"model": "admin.logentry", "pk": 86, "fields": {"action_time": "2018-02-21T14:22:39.772Z", "user": 1, "content_type": 8, "object_id": "22", "object_repr": "[M]Scrum\u5b9a\u4e49\u4e86\u4e09\u5927\u89d2\u8272\u662f\uff1f", "action_flag": 2, "change_message": "\u5df2\u4fee\u6539 tips \u3002 \u5df2\u6dfb\u52a0 entry option \"[ScrumMaster] for Exam [M]Scrum\u5b9a\u4e49\u4e86\u4e09\u5927\u89d2\u8272\u662f\uff1f\". \u5df2\u6dfb\u52a0 entry option \"[Product Owner] for Exam [M]Scrum\u5b9a\u4e49\u4e86\u4e09\u5927\u89d2\u8272\u662f\uff1f\". \u5df2\u6dfb\u52a0 entry option \"[Development Team] for Exam [M]Scrum\u5b9a\u4e49\u4e86\u4e09\u5927\u89d2\u8272\u662f\uff1f\". \u5df2\u6dfb\u52a0 entry option \"[Project Manager] for Exam [M]Scrum\u5b9a\u4e49\u4e86\u4e09\u5927\u89d2\u8272\u662f\uff1f\"."}}, {"model": "admin.logentry", "pk": 87, "fields": {"action_time": "2018-02-21T14:23:57.524Z", "user": 1, "content_type": 8, "object_id": "22", "object_repr": "[M]What the three roles defined in Scrum?", "action_flag": 2, "change_message": "\u5df2\u4fee\u6539 question \u3002"}}, {"model": "admin.logentry", "pk": 88, "fields": {"action_time": "2018-02-21T14:24:19.900Z", "user": 1, "content_type": 8, "object_id": "22", "object_repr": "[M]What are the three roles defined in Scrum?", "action_flag": 2, "change_message": "\u5df2\u4fee\u6539 question \u3002"}}, {"model": "admin.logentry", "pk": 89, "fields": {"action_time": "2018-02-21T14:28:28.360Z", "user": 1, "content_type": 8, "object_id": "40", "object_repr": "[M]Which are correct about time-box?", "action_flag": 2, "change_message": "\u5df2\u4fee\u6539 question \u3002 \u5df2\u6dfb\u52a0 entry option \"[Scrum events are all based on time-box] for Exam [M]Which are correct about time-box?\". \u5df2\u6dfb\u52a0 entry option \"[Time-box can be ended in advance] for Exam [M]Which are correct about time-box?\". \u5df2\u6dfb\u52a0 entry option \"[Time-box ended when time is up right away] for Exam [M]Which are correct about time-box?\". \u5df2\u6dfb\u52a0 entry option \"[Time-box is helpful to coordinate rhythm and improve efficiency] for Exam [M]Which are correct about time-box?\"."}}, {"model": "admin.logentry", "pk": 90, "fields": {"action_time": "2018-02-21T14:49:33.925Z", "user": 1, "content_type": 8, "object_id": "23", "object_repr": "[M]Scrum\u7684\u5de5\u4ef6\u5305\u62ec\u54ea\u4e9b\uff1f", "action_flag": 2, "change_message": "\u5df2\u6dfb\u52a0 entry option \"[Sprint Backlog] for Exam [M]Scrum\u7684\u5de5\u4ef6\u5305\u62ec\u54ea\u4e9b\uff1f\". \u5df2\u6dfb\u52a0 entry option \"[Increment] for Exam [M]Scrum\u7684\u5de5\u4ef6\u5305\u62ec\u54ea\u4e9b\uff1f\". \u5df2\u6dfb\u52a0 entry option \"[Burndown Chart] for Exam [M]Scrum\u7684\u5de5\u4ef6\u5305\u62ec\u54ea\u4e9b\uff1f\". \u5df2\u6dfb\u52a0 entry option \"[Product Backlog] for Exam [M]Scrum\u7684\u5de5\u4ef6\u5305\u62ec\u54ea\u4e9b\uff1f\"."}}, {"model": "admin.logentry", "pk": 91, "fields": {"action_time": "2018-02-21T14:50:25.110Z", "user": 1, "content_type": 8, "object_id": "23", "object_repr": "[M]What are Scrum Artifacts?", "action_flag": 2, "change_message": "\u5df2\u4fee\u6539 question \u3002"}}, {"model": "admin.logentry", "pk": 92, "fields": {"action_time": "2018-02-21T14:54:20.381Z", "user": 1, "content_type": 8, "object_id": "24", "object_repr": "[S]Which conforms description of Scrum?", "action_flag": 2, "change_message": "\u5df2\u4fee\u6539 question \u3002 \u5df2\u6dfb\u52a0 entry option \"[An iteration in Extreme Programming (XP)] for Exam [S]Which conforms description of Scrum?\". \u5df2\u6dfb\u52a0 entry option \"[A fixed-duration timebox including all work to be done] for Exam [S]Which conforms description of Scrum?\". \u5df2\u6dfb\u52a0 entry option \"[Try best to achieve milestone in Scrum project] for Exam [S]Which conforms description of Scrum?\". \u5df2\u6dfb\u52a0 entry option \"[Speed race between two developers] for Exam [S]Which conforms description of Scrum?\"."}}, {"model": "admin.logentry", "pk": 93, "fields": {"action_time": "2018-02-21T14:58:42.908Z", "user": 1, "content_type": 8, "object_id": "25", "object_repr": "[M]Which are not questions need to answer in Daily Scrum?", "action_flag": 2, "change_message": "\u5df2\u4fee\u6539 question \u3002 \u5df2\u6dfb\u52a0 entry option \"[What's the solution to some impediments?] for Exam [M]Which are not questions need to answer in Daily Scrum?\". \u5df2\u6dfb\u52a0 entry option \"[Who is to assign next task by ScrumMaster?] for Exam [M]Which are not questions need to answer in Daily Scrum?\". \u5df2\u6dfb\u52a0 entry option \"[What I have done yesterday?] for Exam [M]Which are not questions need to answer in Daily Scrum?\". \u5df2\u6dfb\u52a0 entry option \"[What impediment is undermine the Sprint goal?] for Exam [M]Which are not questions need to answer in Daily Scrum?\"."}}, {"model": "admin.logentry", "pk": 94, "fields": {"action_time": "2018-02-21T15:00:27.968Z", "user": 1, "content_type": 8, "object_id": "26", "object_repr": "[S]Which is the most fit for Product Backlog?", "action_flag": 2, "change_message": "\u5df2\u4fee\u6539 question \u3002 \u5df2\u6dfb\u52a0 entry option \"[Project requirements documents] for Exam [S]Which is the most fit for Product Backlog?\". \u5df2\u6dfb\u52a0 entry option \"[A dynamic list] for Exam [S]Which is the most fit for Product Backlog?\". \u5df2\u6dfb\u52a0 entry option \"[Work set of an iteration] for Exam [S]Which is the most fit for Product Backlog?\". \u5df2\u6dfb\u52a0 entry option \"[Contract of product development] for Exam [S]Which is the most fit for Product Backlog?\"."}}, {"model": "admin.logentry", "pk": 95, "fields": {"action_time": "2018-02-21T15:01:32.085Z", "user": 1, "content_type": 8, "object_id": "27", "object_repr": "[S]Which process theory is Scrum based on?", "action_flag": 2, "change_message": "\u5df2\u4fee\u6539 question \u3002 \u5df2\u6dfb\u52a0 entry option \"[Controlled Process] for Exam [S]Which process theory is Scrum based on?\". \u5df2\u6dfb\u52a0 entry option \"[Defined Process] for Exam [S]Which process theory is Scrum based on?\". \u5df2\u6dfb\u52a0 entry option \"[Empirical Process] for Exam [S]Which process theory is Scrum based on?\". \u5df2\u6dfb\u52a0 entry option \"[Game Process] for Exam [S]Which process theory is Scrum based on?\"."}}, {"model": "admin.logentry", "pk": 96, "fields": {"action_time": "2018-02-21T15:03:48.709Z", "user": 1, "content_type": 8, "object_id": "28", "object_repr": "[S]What is Scrum Team?", "action_flag": 2, "change_message": "\u5df2\u4fee\u6539 question \u3002 \u5df2\u6dfb\u52a0 entry option \"[Developer Team] for Exam [S]What is Scrum Team?\". \u5df2\u6dfb\u52a0 entry option \"[PO, SM and Development Team] for Exam [S]What is Scrum Team?\". \u5df2\u6dfb\u52a0 entry option \"[Development Team] for Exam [S]What is Scrum Team?\". \u5df2\u6dfb\u52a0 entry option \"[Agile Coach Team] for Exam [S]What is Scrum Team?\"."}}, {"model": "admin.logentry", "pk": 97, "fields": {"action_time": "2018-02-21T15:05:44.602Z", "user": 1, "content_type": 8, "object_id": "29", "object_repr": "[S]How Scrum Team get to common understanding about how to complete some work?", "action_flag": 2, "change_message": "\u5df2\u4fee\u6539 question \u3002 \u5df2\u6dfb\u52a0 entry option \"[Burndown chart] for Exam [S]How Scrum Team get to common understanding about how to complete some work?\". \u5df2\u6dfb\u52a0 entry option \"[Definition of Done] for Exam [S]How Scrum Team get to common understanding about how to complete some work?\". \u5df2\u6dfb\u52a0 entry option \"[Sprint Backlog] for Exam [S]How Scrum Team get to common understanding about how to complete some work?\". \u5df2\u6dfb\u52a0 entry option \"[User Story] for Exam [S]How Scrum Team get to common understanding about how to complete some work?\"."}}, {"model": "admin.logentry", "pk": 98, "fields": {"action_time": "2018-02-21T15:09:10.798Z", "user": 1, "content_type": 8, "object_id": "30", "object_repr": "[S]What should do when people find they can not finish all the work at the end of Sprint?", "action_flag": 2, "change_message": "\u5df2\u4fee\u6539 question \u3002 \u5df2\u6dfb\u52a0 entry option \"[Add more people and work over time] for Exam [S]What should do when people find they can not finish all the work at the end of Sprint?\". \u5df2\u6dfb\u52a0 entry option \"[Extend Sprint time until all work are finished] for Exam [S]What should do when people find they can not finish all the work at the end of Sprint?\". \u5df2\u6dfb\u52a0 entry option \"[Sprint is ended on time, remaining work will be re-planned for next Sprint] for Exam [S]What should do when people find they can not finish all the work at the end of Sprint?\". \u5df2\u6dfb\u52a0 entry option \"[Next Sprint will be started on time while current Sprint continues] for Exam [S]What should do when people find they can not finish all the work at the end of Sprint?\"."}}, {"model": "admin.logentry", "pk": 99, "fields": {"action_time": "2018-02-21T15:11:55.104Z", "user": 1, "content_type": 8, "object_id": "31", "object_repr": "[S]Which conforms Daily Scrum?", "action_flag": 2, "change_message": "\u5df2\u4fee\u6539 question \u3002 \u5df2\u6dfb\u52a0 entry option \"[ScrumMaster updates burndown chart and kanban in Daily Scrum] for Exam [S]Which conforms Daily Scrum?\". \u5df2\u6dfb\u52a0 entry option \"[Development Team tracks work progress towards Sprint goal] for Exam [S]Which conforms Daily Scrum?\". \u5df2\u6dfb\u52a0 entry option \"[Product Owner examine team's progress] for Exam [S]Which conforms Daily Scrum?\". \u5df2\u6dfb\u52a0 entry option \"[Development Team reports progress to managers] for Exam [S]Which conforms Daily Scrum?\"."}}, {"model": "admin.logentry", "pk": 100, "fields": {"action_time": "2018-02-21T15:12:59.352Z", "user": 1, "content_type": 8, "object_id": "32", "object_repr": "[M]What are three pillars of Empirical Process?", "action_flag": 2, "change_message": "\u5df2\u4fee\u6539 question \u3002 \u5df2\u6dfb\u52a0 entry option \"[Inspection] for Exam [M]What are three pillars of Empirical Process?\". \u5df2\u6dfb\u52a0 entry option \"[Design] for Exam [M]What are three pillars of Empirical Process?\". \u5df2\u6dfb\u52a0 entry option \"[Transparency] for Exam [M]What are three pillars of Empirical Process?\". \u5df2\u6dfb\u52a0 entry option \"[Adaption] for Exam [M]What are three pillars of Empirical Process?\"."}}, {"model": "admin.logentry", "pk": 101, "fields": {"action_time": "2018-02-21T15:14:37.547Z", "user": 1, "content_type": 8, "object_id": "33", "object_repr": "[S]How to define \"Done\" by multi teams working on same product?", "action_flag": 2, "change_message": "\u5df2\u4fee\u6539 question \u3002 \u5df2\u6dfb\u52a0 entry option \"[All Scrum teams share a common Definition of Done] for Exam [S]How to define \"Done\" by multi teams working on same product?\". \u5df2\u6dfb\u52a0 entry option \"[Each Scrum teams define their own Definition of Done] for Exam [S]How to define \"Done\" by multi teams working on same product?\". \u5df2\u6dfb\u52a0 entry option \"[ScrumMasters ensure every work to be done] for Exam [S]How to define \"Done\" by multi teams working on same product?\"."}}, {"model": "admin.logentry", "pk": 102, "fields": {"action_time": "2018-02-21T15:20:23.728Z", "user": 1, "content_type": 8, "object_id": "34", "object_repr": "[S]What's Scrum Values?", "action_flag": 2, "change_message": "\u5df2\u4fee\u6539 question \u3002 \u5df2\u6dfb\u52a0 entry option \"[Communication, austerity, feedback, and courage] for Exam [S]What's Scrum Values?\". \u5df2\u6dfb\u52a0 entry option \"[Courage, openness, focus, commitment, respect] for Exam [S]What's Scrum Values?\". \u5df2\u6dfb\u52a0 entry option \"[\"Individual and interaction over process and tools\" etc.] for Exam [S]What's Scrum Values?\". \u5df2\u6dfb\u52a0 entry option \"[Focus, equality, collaboration, initiative, commitment] for Exam [S]What's Scrum Values?\"."}}, {"model": "admin.logentry", "pk": 103, "fields": {"action_time": "2018-02-21T15:21:52.141Z", "user": 1, "content_type": 8, "object_id": "35", "object_repr": "[M]Who can attend Sprint Review?", "action_flag": 2, "change_message": "\u5df2\u4fee\u6539 question \u3002 \u5df2\u6dfb\u52a0 entry option \"[Product Owner] for Exam [M]Who can attend Sprint Review?\". \u5df2\u6dfb\u52a0 entry option \"[Scrum Team] for Exam [M]Who can attend Sprint Review?\". \u5df2\u6dfb\u52a0 entry option \"[Stakeholder] for Exam [M]Who can attend Sprint Review?\". \u5df2\u6dfb\u52a0 entry option \"[Development Team] for Exam [M]Who can attend Sprint Review?\"."}}, {"model": "admin.logentry", "pk": 104, "fields": {"action_time": "2018-02-21T15:22:46.866Z", "user": 1, "content_type": 8, "object_id": "36", "object_repr": "[S]Who is responsible for tracking progress and ensure quality in Sprint?", "action_flag": 2, "change_message": "\u5df2\u4fee\u6539 question \u3002 \u5df2\u6dfb\u52a0 entry option \"[Development Team] for Exam [S]Who is responsible for tracking progress and ensure quality in Sprint?\". \u5df2\u6dfb\u52a0 entry option \"[Product Owner] for Exam [S]Who is responsible for tracking progress and ensure quality in Sprint?\". \u5df2\u6dfb\u52a0 entry option \"[Project Manager] for Exam [S]Who is responsible for tracking progress and ensure quality in Sprint?\". \u5df2\u6dfb\u52a0 entry option \"[ScrumMaster] for Exam [S]Who is responsible for tracking progress and ensure quality in Sprint?\"."}}, {"model": "admin.logentry", "pk": 105, "fields": {"action_time": "2018-02-21T15:23:58.189Z", "user": 1, "content_type": 8, "object_id": "37", "object_repr": "[S]How long is Sprint length defined?", "action_flag": 2, "change_message": "\u5df2\u4fee\u6539 question \u3002 \u5df2\u6dfb\u52a0 entry option \"[Less than a month] for Exam [S]How long is Sprint length defined?\". \u5df2\u6dfb\u52a0 entry option \"[Two weeks] for Exam [S]How long is Sprint length defined?\". \u5df2\u6dfb\u52a0 entry option \"[One week] for Exam [S]How long is Sprint length defined?\". \u5df2\u6dfb\u52a0 entry option \"[The shorter, the better, it ends at any time] for Exam [S]How long is Sprint length defined?\"."}}, {"model": "admin.logentry", "pk": 106, "fields": {"action_time": "2018-02-21T15:25:38.896Z", "user": 1, "content_type": 8, "object_id": "38", "object_repr": "[M]Which conforms definition of Scrum?", "action_flag": 2, "change_message": "\u5df2\u4fee\u6539 question \u3002 \u5df2\u6dfb\u52a0 entry option \"[A comprehensive Agile methodology] for Exam [M]Which conforms definition of Scrum?\". \u5df2\u6dfb\u52a0 entry option \"[A framework to resolve complex problem] for Exam [M]Which conforms definition of Scrum?\". \u5df2\u6dfb\u52a0 entry option \"[A pre-defined project management approach] for Exam [M]Which conforms definition of Scrum?\". \u5df2\u6dfb\u52a0 entry option \"[Deliver highest value in shortest time] for Exam [M]Which conforms definition of Scrum?\"."}}, {"model": "admin.logentry", "pk": 107, "fields": {"action_time": "2018-02-21T15:26:17.208Z", "user": 1, "content_type": 8, "object_id": "39", "object_repr": "[M]Which are not events defined in Scrum?", "action_flag": 2, "change_message": "\u5df2\u4fee\u6539 question \u3002 \u5df2\u6dfb\u52a0 entry option \"[Sprint Retrospective] for Exam [M]Which are not events defined in Scrum?\". \u5df2\u6dfb\u52a0 entry option \"[Daily Scrum] for Exam [M]Which are not events defined in Scrum?\". \u5df2\u6dfb\u52a0 entry option \"[Product Backlog Refinement] for Exam [M]Which are not events defined in Scrum?\". \u5df2\u6dfb\u52a0 entry option \"[Design Workshop] for Exam [M]Which are not events defined in Scrum?\"."}}]